Country,National Fugitives,Wanted Fugitives,Possible Hosted Fugitives / Captured Fugitives,Region,Flag
Albania,3,3,0,Europe,http://www.crwflags.com/fotw/images/a/al.gif
Angola,0,0,1,Northern Africa,http://www.crwflags.com/fotw/images/a/ao.gif
Argentina,2,2,1,South America,http://www.crwflags.com/fotw/images/a/ar.gif
Australia,1,1,2,Oceania,http://www.crwflags.com/fotw/images/a/au.gif
Austria,1,1,0,Europe,http://www.crwflags.com/fotw/images/a/at.gif
Bangladesh,2,1,1,Asia,http://www.crwflags.com/fotw/images/b/bd.gif
Belarus,1,1,0,Europe,http://www.crwflags.com/fotw/images/b/by.gif
Belgium,0,2,0,Europe,http://www.crwflags.com/fotw/images/b/be.gif
Belize,1,1,0,Central America,http://www.crwflags.com/fotw/images/b/bz.gif
Bolivia,0,0,2,South America,http://www.crwflags.com/fotw/images/b/bo.gif
Botswana,0,1,1,Southern Africa,http://www.crwflags.com/fotw/images/b/bw.gif
Brazil,2,4,3,South America,http://www.crwflags.com/fotw/images/b/br.gif
Cambodia,0,0,1,Asia,http://www.crwflags.com/fotw/images/k/kh.gif
Canada,3,4,2,North America,http://www.crwflags.com/fotw/images/c/ca.gif
Cayman Islands,0,0,1,Central America,http://www.crwflags.com/fotw/images/k/ky.gif
Chile,1,1,0,South America,http://www.crwflags.com/fotw/images/c/cl.gif
Colombia,3,0,1,South America,http://www.crwflags.com/fotw/images/c/co.gif
Congo,0,0,1,Sub Saharan Africa,http://www.crwflags.com/fotw/images/c/cg.gif
Costa Rica,0,1,2,Central America,http://www.crwflags.com/fotw/images/c/cr.gif
Croatia,1,1,1,Europe,http://www.crwflags.com/fotw/images/h/hr.gif
Cura√ßao,0,1,0,Central America,http://www.crwflags.com/fotw/images/c/cw.gif
Czech Republic,3,3,0,Europe,http://www.crwflags.com/fotw/images/c/cz.gif
Denmark,0,2,0,Europe,http://www.crwflags.com/fotw/images/d/dk.gif
Dominican Republic,1,1,2,Central America,http://www.crwflags.com/fotw/images/d/do.gif
Ecuador,0,0,1,South America,http://www.worldatlas.com/webimage/flags/countrys/zzzflags/eclarge.jpg
El Salvador,2,2,0,Central America,http://www.crwflags.com/fotw/images/s/sv.gif
Estonia,1,2,0,Europe,http://www.crwflags.com/fotw/images/e/ee.gif
Finland,2,2,3,Europe,http://www.crwflags.com/fotw/images/f/fi.gif
France,0,0,7,Europe,http://www.crwflags.com/fotw/images/f/fr.gif
"Georgia, Asia",2,2,0,Asia,http://www.crwflags.com/fotw/images/g/ge.gif
Germany,1,0,3,Europe,http://www.crwflags.com/fotw/images/d/de.gif
Greece,1,1,3,Europe,http://www.crwflags.com/fotw/images/g/gr.gif
Honduras,1,0,1,Central America,http://www.crwflags.com/fotw/images/h/hn.gif
Hungary,2,2,0,Europe,http://www.crwflags.com/fotw/images/h/hu.gif
India,0,0,1,Asia,http://www.crwflags.com/fotw/images/i/in.gif
Indonesia,1,1,0,Asia,http://www.crwflags.com/fotw/images/i/id.gif
Iraq,1,0,1,Asia,http://www.crwflags.com/fotw/images/i/iq.gif
Ireland,2,1,0,Europe,http://www.crwflags.com/fotw/images/i/ie.gif
Italy,1,1,3,Europe,http://www.crwflags.com/fotw/images/i/it.gif
Kenya,1,1,2,Sub Saharan Africa,http://www.crwflags.com/fotw/images/k/ke.gif
Lesotho,0,0,1,Southern Africa,http://www.crwflags.com/fotw/images/l/ls.gif
Lithuania,1,1,0,Europe,http://www.crwflags.com/fotw/images/l/lt.gif
Macedonia,0,0,1,Europe,http://www.crwflags.com/fotw/images/m/mk.gif
Mali,0,1,0,Sub Saharan Africa,http://www.crwflags.com/fotw/images/m/ml.gif
Malta,0,0,1,Europe,http://www.crwflags.com/fotw/images/m/mt.gif
Mexico,3,0,6,Central America,http://www.crwflags.com/fotw/images/m/mx.gif
Montenegro,3,2,1,Europe,http://www.crwflags.com/fotw/images/m/me.gif
Morocco,2,0,3,Northern Africa,http://www.crwflags.com/fotw/images/m/ma.gif
Mozambique,0,0,2,Southern Africa,http://www.crwflags.com/fotw/images/m/mz.gif
Namibia,0,0,1,Southern Africa,http://www.crwflags.com/fotw/images/n/na.gif
New Zealand,0,0,1,Oceania,http://www.crwflags.com/fotw/images/n/nz.gif
Nicaragua,1,1,0,Central America,http://www.crwflags.com/fotw/images/n/ni.gif
Norway,0,1,0,Europe,http://www.crwflags.com/fotw/images/n/no.gif
Pakistan,1,0,2,Asia,http://www.crwflags.com/fotw/images/p/pk.gif
Panama,0,0,2,Central America,http://www.crwflags.com/fotw/images/p/pa.gif
Paraguay,1,1,1,South America,http://www.crwflags.com/fotw/images/p/py.gif
Peru,2,1,0,South America,http://www.crwflags.com/fotw/images/p/pe.gif
Poland,4,4,3,Europe,http://www.crwflags.com/fotw/images/p/pl.gif
Qatar,0,0,1,Asia,http://upload.wikimedia.org/wikipedia/commons/6/65/Flag_of_Qatar.svg
Romania,4,4,0,Europe,http://www.crwflags.com/fotw/images/r/ro.gif
Russia,2,1,3,"Europe, Asia",http://www.crwflags.com/fotw/images/r/ru.gif
Serbia,0,0,1,Europe,http://www.crwflags.com/fotw/images/r/rs.gif
Slovakia,2,2,0,Europe,http://www.crwflags.com/fotw/images/s/sk.gif
Somalia,1,0,0,Sub Saharan Africa,http://www.crwflags.com/fotw/images/s/so.gif
South Africa,3,2,4,Southern Africa,http://www.crwflags.com/fotw/images/z/za.gif
Spain,1,2,13,Europe,http://www.crwflags.com/fotw/images/e/es.gif
Swaziland,1,1,1,Southern Africa,http://www.crwflags.com/fotw/images/s/sz.gif
Sweden,2,3,1,Europe,http://www.crwflags.com/fotw/images/s/se.gif
Tanzania,0,1,2,Sub Saharan Africa,http://www.crwflags.com/fotw/images/t/tz.gif
The Netherlands,6,3,8,Europe,http://www.crwflags.com/fotw/images/n/nl.gif
Turkey,0,0,1,Europe,http://www.crwflags.com/fotw/images/t/tr.gif
Ukraine,1,1,1,Europe,http://www.crwflags.com/fotw/images/u/ua.gif
United Kingdom,6,4,7,Europe,http://www.crwflags.com/fotw/images/g/gb.gif
United States,8,11,6,North America,http://www.crwflags.com/fotw/images/u/us.gif
Uruguay,1,1,1,South America,http://www.crwflags.com/fotw/images/u/uy.gif
Venezuela,0,1,0,South America,http://www.crwflags.com/fotw/images/v/ve.gif
Zambia,1,0,2,Southern Africa,http://www.crwflags.com/fotw/images/z/zm.gif
Zimbabwe,0,0,2,Southern Africa,http://www.crwflags.com/fotw/images/z/zw.gif
