Name,Number of Hurricanes/Typhoons/Cyclones,Gender,Years,Type of storms,Areas,Area in list for 2015 (US)
Ida,1,Female,2009,Hurricane,Atlantic,Atlantic
Fred,1,Male,2009,Hurricane,Atlantic,Atlantic
Bill,2,Male,"1997, 2009",Hurricane,Atlantic,Atlantic
Erika,2,Female,"1997, 2009","Hurricane, Tropical Storm",Atlantic,Atlantic
Danny,2,Male,"1997, 2009","Hurricane, Tropical Storm",Atlantic,Atlantic
Ana,3,Female,"2009, 2014, 1997","Tropical Storm, Hurricane","Atlantic, Eastern Pacific",Atlantic
Nicholas,1,Male,2008,Cyclone,Southern Indian,Atlantic
Sam,1,Male,2000,Cyclone,Southern Indian,Atlantic
Larry,1,Male,2006,Cyclone,Southern Pacific,Atlantic
Peter,1,Male,1997,Typhoon,Western Pacific,Atlantic
Claudette,,Female,,,,Atlantic
Grace,,Female,,,,Atlantic
Henri,,Male,,,,Atlantic
Joaquin,,Male,,,,Atlantic
Kate,,Female,,,,Atlantic
Mindy,,Female,,,,Atlantic
Odette,,Female,,,,Atlantic
Rose,,Female,,,,Atlantic
Teresa,,Female,,,,Atlantic
Victor,,Male,,,,Atlantic
Wanda,,Female,,,,Atlantic
Rick,2,Male,"1997, 2009",Hurricane,Eastern Pacific,#REF!
Patricia,2,Female,"2009, 2003","Tropical Storm, Hurricane",Eastern Pacific,#REF!
Jimena,3,Female,"1997, 2009, 2003",Hurricane,Eastern Pacific,#REF!
Dolores,3,Female,"1997, 2009, 2003","Hurricane, Tropical Storm",Eastern Pacific,#REF!
Andres,3,Male,"2009, 2003, 1997","Hurricane, Tropical Storm",Eastern Pacific,#REF!
Enrique,3,Male,"1997, 2003, 2009","Hurricane, Tropical Storm",Eastern Pacific,#REF!
Nora,3,Female,"2009, 1997, 2003","Tropical Storm, Hurricane",Eastern Pacific,#REF!
Guillermo,3,Male,"2003, 1997, 2009","Tropical Storm, Hurricane",Eastern Pacific,#REF!
Ignacio,3,Male,"1997, 2003, 2009","Tropical Storm, Hurricane",Eastern Pacific,#REF!
Felicia,4,Female,"2009, 1997, 2003, 2000","Hurricane, Tropical Storm","Eastern Pacific, Southern Indian",#REF!
Linda,4,Female,"2009, 1997, 2003, 1997","Hurricane, Typhoon","Eastern Pacific, Western Pacific",#REF!
Carlos,4,Male,"2009, 2011, 1997, 2003","Cyclone, Hurricane, Tropical Storm","Eastern Pacific, Southern Indian",#REF!
Olaf,4,Male,"1997, 2005, 2009, 2003","Tropical Storm, Cyclone, Hurricane","Eastern Pacific, Southern Pacific",#REF!
Sandra,1,Female,2013,Cyclone,Southern Pacific,#REF!
Marty,4,Male,"2003, 1997, 2009, 2003","Tropical Storm, Hurricane","Western Pacific, Eastern Pacific",#REF!
Blanca,,Female,,,,Eastern Pacific
Hilda,,Female,,,,Eastern Pacific
Kevin,,Male,,,,Eastern Pacific
Terry,,Female,,,,Eastern Pacific
Vivian,,Female,,,,Eastern Pacific
Waldo,,Male,,,,Eastern Pacific
Xina,,Female,,,,Eastern Pacific
York,,Male,,,,Eastern Pacific
Zelda,,Female,,,,Eastern Pacific
Giri,1,Male,2010,Cyclone,Northern Indian,
Jal,1,Male,2010,Cyclone,Northern Indian,
Danielle,1,Female,1998,Hurricane,Atlantic,
Jeanne,1,Female,1998,Hurricane,Atlantic,
Lisa,1,Female,1998,Hurricane,Atlantic,
Nicole,1,Female,1998,Hurricane,Atlantic,
Earl,1,Male,1998,Hurricane,Atlantic,
Karl,1,Male,1998,Hurricane,Atlantic,
Walter,1,Male,2001,Cyclone,Southern Indian,
Bonnie,2,Female,"2002, 1998","Tropical Storm, Hurricane","Southern Indian, Atlantic",
Ivan,3,Male,"2008, 1997, 1998","Cyclone, Super Typhoon, Hurricane","Southern Indian, Western Pacific, Atlantic",
Paula,1,Female,2001,Cyclone,Southern Pacific,
Tomas,1,Male,2010,Cyclone,Southern Pacific,
Stan,1,Male,2005,Hurricane,Atlantic,
Beta,1,,2005,Hurricane,Atlantic,
Epsilon,1,,2005,Hurricane,Atlantic,
Dennis,2,Male,"2005, 1999",Hurricane,Atlantic,
Philippe,2,Male,"2005, 2011",Hurricane,Atlantic,
Nate,2,Male,"2005, 2011","Hurricane, Tropical Storm",Atlantic,
Katrina,2,Female,"1999, 2005","Tropical Storm, Hurricane",Atlantic,
Irene,3,Female,"2005, 1999, 2011",Hurricane,Atlantic,
Emily,3,Female,"2005, 1999, 2011","Hurricane, Tropical Storm",Atlantic,
Cindy,3,Female,"2011, 1999, 2005","Tropical Storm, Hurricane",Atlantic,
Bret,3,Male,"2011, 1999, 2005","Tropical Storm, Hurricane",Atlantic,
Gert,3,Male,"2011, 1999, 2005","Tropical Storm, Hurricane",Atlantic,
Jose,3,Male,"2005, 1999, 2011","Tropical Storm, Hurricane",Atlantic,
Ophelia,3,Female,"2005, 2011, 2008","Hurricane, Cyclone","Atlantic, Southern Indian",
Vince,2,Male,"2005, 2011","Hurricane, Tropical Storm","Atlantic, Southern Indian",
Wilma,2,Female,"2005, 2011","Hurricane, Cyclone","Atlantic, Southern Pacific",
Rita,2,Female,"2005, 2001","Hurricane, Tropical Storm","Atlantic, Southern Pacific",
Maria,4,Female,"2000, 2005, 2011, 2006","Tropical Storm, Hurricane, Typhoon","Western Pacific, Atlantic",
Sandy,1,Female,2012,Hurricane,Atlantic,
Kirk,1,Male,2012,Hurricane,Atlantic,
Rafael,1,Male,2012,Hurricane,Atlantic,
Michael,2,Male,"2012, 2000",Hurricane,Atlantic,
Joyce,2,Female,"2000, 2012","Hurricane, Tropical Storm",Atlantic,
Leslie,2,Female,"2012, 2000","Hurricane, Tropical Storm",Atlantic,
Nadine,2,Female,"2000, 2012","Tropical Storm, Hurricane",Atlantic,
Gordon,3,Male,"2000, 2012, 2006",Hurricane,Atlantic,
Isaac,3,Male,"2000, 2012, 2006",Hurricane,Atlantic,
Florence,3,Female,"2006, 2000, 2012","Hurricane, Tropical Storm",Atlantic,
Ernesto,3,Male,"2006, 2012, 2000","Hurricane, Tropical Storm",Atlantic,
Debby,3,Female,"2000, 2006, 2012","Hurricane, Tropical Storm",Atlantic,
Helene,3,Female,"2012, 2000, 2006","Tropical Storm, Hurricane",Atlantic,
Alberto,3,Male,"2006, 2012, 2000","Tropical Storm, Hurricane",Atlantic,
Chris,4,Male,"2000, 2012, 2006, 2002","Hurricane, Tropical Storm, Cyclone","Atlantic, Southern Indian",
Felix,2,Male,"2001, 2007",Hurricane,Atlantic,
Noel,2,Male,"2007, 2001",Hurricane,Atlantic,
Dean,2,Male,"2007, 2001","Hurricane, Tropical Storm",Atlantic,
Humberto,3,Male,"2007, 2013, 2001",Hurricane,Atlantic,
Erin,3,Female,"2001, 2013, 2007","Hurricane, Tropical Storm",Atlantic,
Karen,3,Female,"2001, 2007, 2013","Hurricane, Tropical Storm",Atlantic,
Lorenzo,3,Male,"2013, 2007, 2001","Tropical Storm, Hurricane",Atlantic,
Gabrielle,4,Female,"2007, 2013, 2001, 2009","Tropical Storm, Hurricane","Atlantic, Southern Indian",
Olga,4,Female,"2007, 2000, 2010, 2001","Tropical Storm, Hurricane","Atlantic, Southern Indian, Southern Pacific",
Ingrid,4,Female,"2005, 2005, 2007, 2013","Cyclone, Tropical Storm, Hurricane","Southern Pacific, Southern Indian, Atlantic",
Gustav,1,Male,2002,Hurricane,Atlantic,
Kyle,1,Male,2002,Hurricane,Atlantic,
Bertha,2,Female,"2014, 2002","Hurricane, Tropical Storm",Atlantic,
Fay,2,Female,"2014, 2002","Hurricane, Tropical Storm",Atlantic,
Cristobal,2,Male,"2014, 2002","Hurricane, Tropical Storm",Atlantic,
Edouard,2,Male,"2014, 2002","Hurricane, Tropical Storm",Atlantic,
Arthur,3,Male,"2002, 2007, 2014","Tropical Storm, Cyclone, Hurricane","Atlantic, Southern Pacific",
Rene,1,Male,2010,Cyclone,Southern Pacific,
Katia,1,Female,2011,Hurricane,Atlantic,
Rina,1,Female,2011,Hurricane,Atlantic,
Nestor,1,Male,1997,Super Typhoon,Western Pacific,
Gonzalo,1,Male,2014,Hurricane,Atlantic,
Lili,1,Female,2002,Hurricane,Atlantic,
Michelle,1,Female,2001,Hurricane,Atlantic,
Georges,1,Male,1998,Hurricane,Atlantic,
Isidore,1,Male,2002,Hurricane,Atlantic,
Lenny,1,Male,1999,Hurricane,Atlantic,
Mitch,1,Male,1998,Hurricane,Atlantic,
Allison,2,Female,"1995, 2001","Hurricane, Tropical Storm",Atlantic,
Floyd,2,Male,"1999, 2006","Hurricane, Cyclone","Atlantic, Southern Indian",
Keith,2,Male,"2000, 1997","Hurricane, Super Typhoon","Atlantic, Western Pacific",
Amanda,1,Female,2014,Hurricane,Eastern Pacific,
Isis,1,Female,1998,Hurricane,Eastern Pacific,
Kay,1,Female,1998,Hurricane,Eastern Pacific,
Kenna,1,Female,2002,Hurricane,Eastern Pacific,
Madeline,1,Female,1998,Hurricane,Eastern Pacific,
Pauline,1,Female,1997,Hurricane,Eastern Pacific,
Rachel,1,Female,2014,Hurricane,Eastern Pacific,
Adolph,1,Male,2001,Hurricane,Eastern Pacific,
Howard,1,Male,1998,Hurricane,Eastern Pacific,
Lester,1,Male,1998,Hurricane,Eastern Pacific,
Max,1,Male,2005,Hurricane,Eastern Pacific,
Neki,1,Male,2009,Hurricane,Eastern Pacific,
Otis,1,Male,2005,Hurricane,Eastern Pacific,
Sergio,1,Male,2006,Hurricane,Eastern Pacific,
Simon,1,Male,2014,Hurricane,Eastern Pacific,
Darby,2,Female,"2010, 1998",Hurricane,Eastern Pacific,
Jova,2,Male,"2011, 2005",Hurricane,Eastern Pacific,
Kenneth,2,Male,"2011, 2005",Hurricane,Eastern Pacific,
Norbert,2,Male,"2008, 2014",Hurricane,Eastern Pacific,
Alma,2,Female,"2002, 2008","Hurricane, Tropical Storm",Eastern Pacific,
Georgette,2,Female,"1998, 2010","Hurricane, Tropical Storm",Eastern Pacific,
Karina,2,Female,"2014, 2008","Hurricane, Tropical Storm",Eastern Pacific,
Polo,2,Male,"2014, 2008","Hurricane, Tropical Storm",Eastern Pacific,
Celia,2,Female,"1998, 2010","Tropical Storm, Hurricane",Eastern Pacific,
Estelle,2,Female,"2010, 1998","Tropical Storm, Hurricane",Eastern Pacific,
Miriam,2,Female,"2000, 2012","Tropical Storm, Hurricane",Eastern Pacific,
Narda,2,Female,"2013, 2001","Tropical Storm, Hurricane",Eastern Pacific,
Odile,2,Female,"2008, 2014","Tropical Storm, Hurricane",Eastern Pacific,
Blas,2,Male,"2010, 1998","Tropical Storm, Hurricane",Eastern Pacific,
Frank,2,Male,"1998, 2010","Tropical Storm, Hurricane",Eastern Pacific,
Manuel,2,Male,"2001, 2013","Tropical Storm, Hurricane",Eastern Pacific,
Carlotta,3,Female,"2006, 2012, 2000",Hurricane,Eastern Pacific,
Hilary,3,Female,"1999, 2005, 2011",Hurricane,Eastern Pacific,
Adrian,3,Male,"2011, 2005, 1999",Hurricane,Eastern Pacific,
Daniel,3,Male,"2012, 2006, 2000",Hurricane,Eastern Pacific,
Hernan,3,Male,"2008, 2014, 2002",Hurricane,Eastern Pacific,
Lane,3,Male,"2000, 2006, 2012",Hurricane,Eastern Pacific,
Beatriz,3,Female,"1999, 2011, 2005","Hurricane, Tropical Storm",Eastern Pacific,
Flossie,3,Female,"2007, 2001, 2013","Hurricane, Tropical Storm",Eastern Pacific,
Gilma,3,Female,"2000, 2012, 2006","Hurricane, Tropical Storm",Eastern Pacific,
Henriette,3,Female,"2013, 2007, 2001","Hurricane, Tropical Storm",Eastern Pacific,
Fausto,3,Male,"2008, 2002, 2014","Hurricane, Tropical Storm",Eastern Pacific,
Elida,3,Female,"2008, 2014, 2002","Hurricane, Tropical Storm",Eastern Pacific,
Bud,3,Male,"2006, 2000, 2012","Hurricane, Tropical Storm",Eastern Pacific,
Eugene,3,Male,"1999, 2005, 2011","Hurricane, Tropical Storm",Eastern Pacific,
Hector,3,Male,"2000, 2012, 2006","Hurricane, Tropical Storm",Eastern Pacific,
Emilia,3,Female,"2012, 2006, 2000","Hurricane, Tropical Storm",Eastern Pacific,
Fernanda,3,Female,"2005, 2011, 1999","Hurricane, Tropical Storm",Eastern Pacific,
Calvin,3,Male,"2011, 1999, 2005","Hurricane, Tropical Storm",Eastern Pacific,
Douglas,3,Male,"2002, 2008, 2014","Hurricane, Tropical Storm",Eastern Pacific,
Fabio,3,Male,"2012, 2006, 2000","Hurricane, Tropical Storm",Eastern Pacific,
Julio,3,Male,"2014, 2008, 2002","Hurricane, Tropical Storm",Eastern Pacific,
Dalila,3,Female,"2007, 2001, 2013","Tropical Storm, Hurricane",Eastern Pacific,
Genevieve,3,Female,"2002, 2014, 2008","Tropical Storm, Hurricane",Eastern Pacific,
Ileana,3,Female,"2000, 2012, 2006","Tropical Storm, Hurricane",Eastern Pacific,
Cosme,3,Male,"2001, 2007, 2013","Tropical Storm, Hurricane",Eastern Pacific,
Gil,3,Male,"2007, 2013, 2001","Tropical Storm, Hurricane",Eastern Pacific,
Greg,3,Male,"2005, 2011, 1999","Tropical Storm, Hurricane",Eastern Pacific,
Aletta,3,Female,"2012, 2000, 2006","Tropical Storm, Hurricane, Tropical Storm",Eastern Pacific,
Cristina,3,Female,"2008, 2014, 2002","Tropical Storm, Hurricane",Eastern Pacific,
Juliette,3,Female,"2007, 2001, 2013","Tropical Storm, Hurricane",Eastern Pacific,
Boris,3,Male,"2002, 2008, 2014","Tropical Storm, Hurricane",Eastern Pacific,
Irwin,3,Male,"1999, 2011, 2005","Tropical Storm, Hurricane",Eastern Pacific,
Ivo,3,Male,"2001, 2007, 2013","Tropical Storm, Hurricane",Eastern Pacific,
John,3,Male,"2000, 2006, 2012","Tropical Storm, Hurricane",Eastern Pacific,
Barbara,3,Female,"2007, 2001, 2013","Tropical Storm, Hurricane",Eastern Pacific,
Iselle,3,Female,"2008, 2002, 2014","Tropical Storm, Hurricane",Eastern Pacific,
Kristy,3,Female,"2012, 2000, 2006","Tropical Storm, Hurricane",Eastern Pacific,
Erick,3,Male,"2007, 2001, 2013","Tropical Storm, Hurricane",Eastern Pacific,
Kiko,3,Male,"2013, 2007, 2001","Tropical Storm, Hurricane",Eastern Pacific,
Dora,4,Female,"1999, 2011, 2005, 2007","Hurricane, Tropical Storm, Cyclone","Eastern Pacific, Southern Indian",
Norman,4,Male,"2006, 2000, 2012, 2000","Tropical Storm, Cyclone","Eastern Pacific, Southern Indian",
Lowell,4,Male,"2008, 2014, 2002, 2002","Tropical Storm, Hurricane","Eastern Pacific, Western Pacific",
Paul,5,Male,"2012, 2000, 2006, 2000, 2010","Cyclone, Hurricane, Tropical Storm","Eastern Pacific, Southern Indian, Southern Pacific",
Ioke,2,Female,"2006, 2006","Hurricane, Super Typhoon","Eastern Pacific, Western Pacific",
Huko,2,Male,"2002, 2002","Hurricane, Typhoon","Eastern Pacific, Western Pacific",
Pewa,2,Male,"2013, 2013","Tropical Storm, Typhoon","Eastern Pacific, Western Pacific",
Hudhud,1,Male,2014,Cyclone,Northern Indian,
02a,1,,2003,Cyclone,Northern Indian,
01b,2,,"2000, 2003","Tropical Storm, Cyclone",Northern Indian,
04b,2,,"2002, 2000","Tropical Storm, Cyclone",Northern Indian,
03b,4,,"2006, 2002, 2003, 2000","Tropical Storm, Cyclone",Northern Indian,
Adeline Juliet,1,Female,2005,Cyclone,Southern Indian,
Alenga,1,Female,2011,Cyclone,Southern Indian,
Amara,1,Female,2013,Cyclone,Southern Indian,
Anais,1,Female,2012,Cyclone,Southern Indian,
Anja,1,Female,2009,Cyclone,Southern Indian,
Babiola,1,Female,2000,Cyclone,Southern Indian,
Bejisa,1,Female,2013,Cyclone,Southern Indian,
Bessi bako,1,Female,2001,Cyclone,Southern Indian,
Bianca,1,Female,2011,Cyclone,Southern Indian,
Bindu,1,Female,2001,Cyclone,Southern Indian,
Bingiza,1,Female,2011,Cyclone,Southern Indian,
Boura,1,Female,2002,Cyclone,Southern Indian,
Carina,1,Female,2006,Cyclone,Southern Indian,
Christine,1,Female,2013,Cyclone,Southern Indian,
Cleo,1,Female,2009,Cyclone,Southern Indian,
Connie,1,Female,2000,Cyclone,Southern Indian,
Crystal,1,Female,2002,Cyclone,Southern Indian,
Dera,1,Female,2001,Cyclone,Southern Indian,
Dianne,1,Female,2011,Cyclone,Southern Indian,
Dianne jery,1,Female,2002,Cyclone,Southern Indian,
Dina,1,Female,2002,Cyclone,Southern Indian,
Ethel,1,Female,2012,Cyclone,Southern Indian,
Fame,1,Female,2008,Cyclone,Southern Indian,
Francesca,1,Female,2002,Cyclone,Southern Indian,
Gamede,1,Female,2007,Cyclone,Southern Indian,
Gelane,1,Female,2010,Cyclone,Southern Indian,
Giovanna,1,Female,2012,Cyclone,Southern Indian,
Glenda,1,Female,2006,Cyclone,Southern Indian,
Gloria,1,Female,2000,Cyclone,Southern Indian,
Gula,1,Female,2008,Cyclone,Southern Indian,
Haruna,1,Female,2013,Cyclone,Southern Indian,
Hudah,1,Female,2000,Cyclone,Southern Indian,
Ikala,1,Female,2002,Cyclone,Southern Indian,
Ilsa,1,Female,2009,Cyclone,Southern Indian,
Imani,1,Female,2010,Cyclone,Southern Indian,
Imelda,1,Female,2013,Cyclone,Southern Indian,
Izilda,1,Female,2009,Cyclone,Southern Indian,
Jade,1,Female,2009,Cyclone,Southern Indian,
Jaya,1,Female,2007,Cyclone,Southern Indian,
Jokwe,1,Female,2008,Cyclone,Southern Indian,
Kara,1,Female,2007,Cyclone,Southern Indian,
Kesiny,1,Female,2002,Cyclone,Southern Indian,
Laurence,1,Female,2009,Cyclone,Southern Indian,
Lua,1,Female,2012,Cyclone,Southern Indian,
Narelle,1,Female,2013,Cyclone,Southern Indian,
Rosita,1,Female,2000,Cyclone,Southern Indian,
Victoria,1,Female,2013,Cyclone,Southern Indian,
Abele,1,Male,2010,Cyclone,Southern Indian,
Alistair,1,Male,2001,Cyclone,Southern Indian,
Ando,1,Male,2001,Cyclone,Southern Indian,
Bertie Alvin,1,Male,2005,Cyclone,Southern Indian,
Bessi,1,Male,2001,Cyclone,Southern Indian,
Billy,1,Male,2008,Cyclone,Southern Indian,
Boloetse,1,Male,2006,Cyclone,Southern Indian,
Bondo,1,Male,2006,Cyclone,Southern Indian,
Bongwe,1,Male,2007,Cyclone,Southern Indian,
Bruce,1,Male,2013,Cyclone,Southern Indian,
Charly,1,Male,2001,Cyclone,Southern Indian,
Clovis,1,Male,2007,Cyclone,Southern Indian,
Daryl,1,Male,2006,Cyclone,Southern Indian,
Dumile,1,Male,2013,Cyclone,Southern Indian,
Eddy,1,Male,2002,Cyclone,Southern Indian,
Ernest,1,Male,2005,Cyclone,Southern Indian,
Evariste,1,Male,2001,Cyclone,Southern Indian,
Fanele,1,Male,2009,Cyclone,Southern Indian,
Favio,1,Male,2007,Cyclone,Southern Indian,
Felleng,1,Male,2013,Cyclone,Southern Indian,
Funso,1,Male,2012,Cyclone,Southern Indian,
Gael,1,Male,2009,Cyclone,Southern Indian,
George,1,Male,2007,Cyclone,Southern Indian,
Gino,1,Male,2013,Cyclone,Southern Indian,
Guillaume,1,Male,2002,Cyclone,Southern Indian,
Hary,1,Male,2002,Cyclone,Southern Indian,
Hennie,1,Male,2005,Cyclone,Southern Indian,
Hondo,1,Male,2008,Cyclone,Southern Indian,
Humba,1,Male,2007,Cyclone,Southern Indian,
Iggy,1,Male,2012,Cyclone,Southern Indian,
Jacob,1,Male,2007,Cyclone,Southern Indian,
Kamba,1,Male,2008,Cyclone,Southern Indian,
Koji,1,Male,2012,Cyclone,Southern Indian,
Lee ariel,1,Male,2007,Cyclone,Southern Indian,
Leon eline,1,Male,2000,Cyclone,Southern Indian,
Pancho,1,Male,2008,Cyclone,Southern Indian,
Rusty,1,Male,2013,Cyclone,Southern Indian,
Willy,1,Male,2005,Cyclone,Southern Indian,
Astride,1,Female,"2000, 2001",Cyclone,Southern Indian,
Edzani,1,,2010,Cyclone,Southern Indian,
Raymond,2,Male,"2005, 2006, 2013","Tropical Storm, Hurricane","Southern Indian, Eastern Pacific",
Benilde,2,Female,"2011, 2012, 2013",Cyclone,Southern Indian,
Kirrily,2,Female,"2000, 2009","Cyclone, Tropical Storm",Southern Indian,
Claudia,2,Female,"2012, 2002",Cyclone,"Southern Indian, Southern Pacific",
Monica,2,Female,"2006, 2006",Cyclone,"Southern Indian, Southern Pacific",
Rosie,2,Female,"2008, 1997","Tropical Storm, Super Typhoon","Southern Indian, Western Pacific",
Ami,1,Female,2003,Cyclone,Southern Pacific,
Atu,1,Female,2011,Cyclone,Southern Pacific,
Becky,1,Female,2007,Cyclone,Southern Pacific,
Bune,1,Female,2011,Cyclone,Southern Pacific,
Debbie,1,Female,2003,Cyclone,Southern Pacific,
Erica,1,Female,2003,Cyclone,Southern Pacific,
Eseta,1,Female,2003,Cyclone,Southern Pacific,
Funa,1,Female,2008,Cyclone,Southern Pacific,
Gina,1,Female,2003,Cyclone,Southern Pacific,
Ita,1,Female,2014,Cyclone,Southern Pacific,
Ivy,1,Female,2004,Cyclone,Southern Pacific,
Jasmine,1,Female,2012,Cyclone,Southern Pacific,
Jo,1,Female,2000,Cyclone,Southern Pacific,
Kerry,1,Female,2005,Cyclone,Southern Pacific,
Kim,1,Female,2000,Cyclone,Southern Pacific,
Lusi,1,Female,2014,Cyclone,Southern Pacific,
Meena,1,Female,2005,Cyclone,Southern Pacific,
Nancy,1,Female,2005,Cyclone,Southern Pacific,
Pat,1,Female,2010,Cyclone,Southern Pacific,
Sose,1,Female,2001,Cyclone,Southern Pacific,
Wati,1,Female,2006,Cyclone,Southern Pacific,
Yani,1,Female,2006,Cyclone,Southern Pacific,
Yasi,1,Female,2011,Cyclone,Southern Pacific,
Zelia,1,Female,2011,Cyclone,Southern Pacific,
Zoe,1,Female,2002,Cyclone,Southern Pacific,
Beni,1,Male,2003,Cyclone,Southern Pacific,
Daman,1,Male,2007,Cyclone,Southern Pacific,
Dovi,1,Male,2003,Cyclone,Southern Pacific,
Garry,1,Male,2013,Cyclone,Southern Pacific,
Gene,1,Male,2008,Cyclone,Southern Pacific,
Guba,1,Male,2007,Cyclone,Southern Pacific,
Hamish,1,Male,2009,Cyclone,Southern Pacific,
Ian,1,Male,2014,Cyclone,Southern Pacific,
Jim,1,Male,2006,Cyclone,Southern Pacific,
Mick,1,Male,2009,Cyclone,Southern Pacific,
Oli,1,Male,2010,Cyclone,Southern Pacific,
Percy,1,Male,2005,Cyclone,Southern Pacific,
Steve,1,Male,2000,Cyclone,Southern Pacific,
Ului,1,Male,2010,Cyclone,Southern Pacific,
Vaianu,1,Male,2006,Cyclone,Southern Pacific,
Xavier,1,Male,2006,Cyclone,Southern Pacific,
Heta,1,,2004,Cyclone,Southern Pacific,
Iris,2,Female,"2000, 2001","Cyclone, Hurricane","Southern Pacific, Atlantic",
Freda,2,Female,"2013, 2012",Cyclone,Southern Pacific,
Waka,2,Female,"2002, 2003, 2001",Cyclone,Southern Pacific,
Evan,2,Male,"2012, 2004","Cyclone, Tropical Storm",Southern Pacific,
Fritz,2,Male,"2004, 1997","Tropical Storm, Typhoon","Southern Pacific, Western Pacific",
Ginger,1,Female,1997,Super Typhoon,Western Pacific,
Isa,1,Female,1997,Super Typhoon,Western Pacific,
Joan,1,Female,1997,Super Typhoon,Western Pacific,
Ketsana,1,Female,2003,Super Typhoon,Western Pacific,
Kujira,1,Female,2003,Super Typhoon,Western Pacific,
Maemi,1,Female,2003,Super Typhoon,Western Pacific,
Nalgae,1,Female,2011,Super Typhoon,Western Pacific,
Nida,1,Female,2004,Super Typhoon,Western Pacific,
Oliwa,1,Female,1997,Super Typhoon,Western Pacific,
Parma,1,Female,2003,Super Typhoon,Western Pacific,
Sudal,1,Female,2004,Super Typhoon,Western Pacific,
Winnie,1,Female,1997,Super Typhoon,Western Pacific,
Bing,1,Male,1997,Super Typhoon,Western Pacific,
Chataan,1,Male,2002,Super Typhoon,Western Pacific,
Damrey,1,Male,2000,Super Typhoon,Western Pacific,
Dujuan,1,Male,2003,Super Typhoon,Western Pacific,
Higos,1,Male,2002,Super Typhoon,Western Pacific,
Imbudo,1,Male,2003,Super Typhoon,Western Pacific,
Lupit,1,Male,2003,Super Typhoon,Western Pacific,
Neoguri,1,Male,2014,Super Typhoon,Western Pacific,
Pongsona,1,Male,2002,Super Typhoon,Western Pacific,
#19,1,,2008,Super Typhoon,Western Pacific,
#3,1,,2008,Super Typhoon,Western Pacific,
Amber,1,Female,1997,Typhoon,Western Pacific,
Bavi,1,Female,2002,Typhoon,Western Pacific,
Kirogi,1,Female,2000,Typhoon,Western Pacific,
Koni,1,Female,2003,Typhoon,Western Pacific,
Koppu,1,Female,2003,Typhoon,Western Pacific,
Melor,1,Female,2003,Typhoon,Western Pacific,
Opal,1,Female,1997,Typhoon,Western Pacific,
Rananim,1,Female,2004,Typhoon,Western Pacific,
Roke,1,Female,2011,Typhoon,Western Pacific,
Soudelor,1,Female,2003,Typhoon,Western Pacific,
Tina,1,Female,1997,Typhoon,Western Pacific,
Tingting,1,Female,2004,Typhoon,Western Pacific,
Vipa,1,Female,2001,Typhoon,Western Pacific,
Chan hom,1,Male,2003,Typhoon,Western Pacific,
Etau,1,Male,2003,Typhoon,Western Pacific,
Fanapi,1,Male,2010,Typhoon,Western Pacific,
Haishen,1,Male,2002,Typhoon,Western Pacific,
Kai tak,1,Male,2000,Typhoon,Western Pacific,
Kalmaegi,1,Male,2014,Typhoon,Western Pacific,
Krovanh,1,Male,2003,Typhoon,Western Pacific,
Matmo,1,Male,2014,Typhoon,Western Pacific,
Merbok,1,Male,2011,Typhoon,Western Pacific,
Morakot,1,Male,2003,Typhoon,Western Pacific,
Mort,1,Male,1997,Typhoon,Western Pacific,
Nepartak,1,Male,2003,Typhoon,Western Pacific,
Nesat,1,Male,2011,Typhoon,Western Pacific,
Noguri,1,Male,2002,Typhoon,Western Pacific,
Rusa,1,Male,2002,Typhoon,Western Pacific,
Sinlaku,1,Male,2002,Typhoon,Western Pacific,
Sonca,1,Male,2011,Typhoon,Western Pacific,
Vamei,1,Male,2001,Typhoon,Western Pacific,
#13,1,,2008,Typhoon,Western Pacific,
#15,1,,2008,Typhoon,Western Pacific,
#18,1,,2008,Typhoon,Western Pacific,
#2,1,,2008,Typhoon,Western Pacific,
#27,1,,2008,Typhoon,Western Pacific,
#5,1,,2008,Typhoon,Western Pacific,
#6,1,,2008,Typhoon,Western Pacific,
#7,1,,2008,Typhoon,Western Pacific,
#8,1,,2008,Typhoon,Western Pacific,
#9,1,,2008,Typhoon,Western Pacific,
Choi wan,1,,2003,Typhoon,Western Pacific,
Paka,2,Male,"1997, 1997","Super Typhoon, Tropical Storm","Western Pacific, Eastern Pacific",
Ele,2,Female,"2002, 2002","Typhoon, Hurricane","Western Pacific, Eastern Pacific",
Octave,3,Male,"2001, 2013, 2001","Tropical Storm, Hurricane","Western Pacific, Eastern Pacific",
Marie,3,Female,"1997, 2014, 2008","Typhoon, Hurricane","Western Pacific, Eastern Pacific",
David,2,Male,"1997, 2009","Typhoon, Tropical Storm","Western Pacific, Southern Indian",
Zita,2,Female,"1997, 2007","Typhoon, Tropical Storm","Western Pacific, Southern Pacific",
Phanfone,2,Female,"2002, 2014",Super Typhoon,Western Pacific,
Halong,2,Male,"2014, 2002",Super Typhoon,Western Pacific,
Saomai,2,Male,"2006, 2000",Super Typhoon,Western Pacific,
Songda,2,Male,"2011, 2004",Super Typhoon,Western Pacific,
Nanmadol,2,,"2004, 2011",Super Typhoon,Western Pacific,
Chanchu,2,Male,"2006, 2000","Super Typhoon, Tropical Storm",Western Pacific,
Fengshen,2,Male,"2002, 2014","Super Typhoon, Tropical Storm",Western Pacific,
Jelawat,2,Male,"2000, 2006","Super Typhoon, Tropical Storm",Western Pacific,
Vongfong,2,Male,"2014, 2002","Super Typhoon, Tropical Storm",Western Pacific,
Haiyan,2,Female,"2013, 2001","Super Typhoon, Typhoon",Western Pacific,
Rammasun,2,Female,"2014, 2002","Super Typhoon, Typhoon",Western Pacific,
Yutu,2,Female,"2007, 2001","Super Typhoon, Typhoon",Western Pacific,
Ewiniar,2,Male,"2006, 2000","Super Typhoon, Typhoon",Western Pacific,
Podul,2,Male,"2013, 2001","Tropical Depression, Super Typhoon",Western Pacific,
Tokage,2,Male,"2011, 2004","Tropical Depression, Super Typhoon",Western Pacific,
Bilis,2,Male,"2006, 2000","Tropical Storm, Super Typhoon",Western Pacific,
Dianmu,2,Male,"2010, 2004","Tropical Storm, Super Typhoon",Western Pacific,
Mindulle,2,Male,"2010, 2004","Tropical Storm, Super Typhoon",Western Pacific,
Aere,2,Female,"2011, 2004","Tropical Storm, Typhoon",Western Pacific,
Kompasu,2,Female,"2004, 2010","Tropical Storm, Typhoon",Western Pacific,
Meari,2,Female,"2011, 2004","Tropical Storm, Typhoon",Western Pacific,
Fung wong,2,Male,"2014, 2002","Tropical Storm, Typhoon",Western Pacific,
Kaemi,2,Male,"2000, 2006","Tropical Storm, Typhoon",Western Pacific,
Malakas,2,Male,"2004, 2010","Tropical Storm, Typhoon",Western Pacific,
Peipah,2,Male,"2014, 2007","Tropical Storm, Typhoon",Western Pacific,
Ma on,2,Female,"2011, 2004","Typhoon, Super Typhoon",Western Pacific,
Megi,2,Female,"2004, 2010","Typhoon, Super Typhoon",Western Pacific,
Muifa,2,Female,"2004, 2011","Typhoon, Super Typhoon",Western Pacific,
Shanshan,2,Female,"2006, 2000","Typhoon, Super Typhoon",Western Pacific,
Wipha,2,Female,"2013, 2007","Typhoon, Super Typhoon",Western Pacific,
Xangsane,2,Female,"2000, 2006","Typhoon, Super Typhoon",Western Pacific,
Chaba,2,Male,"2010, 2004","Typhoon, Super Typhoon",Western Pacific,
Durian,2,Male,"2001, 2006","Typhoon, Super Typhoon",Western Pacific,
Mitag,2,Male,"2007, 2002","Typhoon, Super Typhoon",Western Pacific,
Omais,2,Female,"2004, 2010","Typhoon, Tropical Storm",Western Pacific,
Tapah,2,Female,"2014, 2007","Typhoon, Tropical Storm",Western Pacific,
Namtheun,2,Male,"2004, 2010","Typhoon, Tropical Storm",Western Pacific,
Wukong,2,Male,"2000, 2006","Typhoon, Tropical Storm",Western Pacific,
Conson,2,Female,"2004, 2010",Typhoon,Western Pacific,
Meranti,2,Female,"2010, 2004",Typhoon,Western Pacific,
Chanthu,2,Male,"2004, 2010",Typhoon,Western Pacific,
Chebi,2,Male,"2006, 2001",Typhoon,Western Pacific,
Nock ten,2,Male,"2004, 2011",Typhoon,Western Pacific,
Prapiroon,2,Male,"2000, 2006",Typhoon,Western Pacific,
Sepat,3,Female,"2007, 2013, 2001","Super Typhoon, Tropical Storm",Western Pacific,
Man yi,3,Female,"2007, 2013, 2001","Super Typhoon, Tropical Storm, Typhoon",Western Pacific,
Faxai,3,Male,"2001, 2007, 2014","Super Typhoon, Tropical Storm, Typhoon",Western Pacific,
Francisco,3,Male,"2013, 2001, 2007","Super Typhoon, Typhoon, Tropical Storm",Western Pacific,
Wutip,3,Male,"2001, 2013, 2007","Super Typhoon, Typhoon, Tropical Storm",Western Pacific,
Lekima,3,Male,"2013, 2001, 2007","Super Typhoon, Typhoon, Typhoon",Western Pacific,
Utor,3,Male,"2013, 2006, 2001","Super Typhoon, Typhoon",Western Pacific,
Usagi,3,Female,"2001, 2013, 2007","Tropical Storm, Super Typhoon, Typhoon",Western Pacific,
Yagi,3,Female,"2013, 2006, 2000","Tropical Storm, Super Typhoon, Typhoon",Western Pacific,
Hagibis,3,Male,"2014, 2002, 2007","Tropical Storm, Super Typhoon, Typhoon",Western Pacific,
Trami,3,Female,"2001, 2006, 2013","Tropical Storm, Tropical Depression, Typhoon",Western Pacific,
Cimaron,3,Female,"2001, 2013, 2006","Tropical Storm, Super Typhoon",Western Pacific,
Danas,3,Male,"2007, 2001, 2013","Tropical Storm, Typhoon, Super Typhoon",Western Pacific,
Bebinca,3,Female,"2013, 2000, 2006","Typhoon, Tropical Storm",Western Pacific,
Kajiki,3,Male,"2014, 2007, 2001","Typhoon, Tropical Storm",Western Pacific,
Toraji,3,Male,"2007, 2001, 2013","Typhoon, Tropical Storm",Western Pacific,
Fitow,3,Female,"2001, 2013, 2007","Typhoon, Tropical Storm",Western Pacific,
Krosa,3,Female,"2013, 2007, 2001","Typhoon, Super Typhoon",Western Pacific,
Lingling,3,Female,"2001, 2007, 2014","Typhoon, Tropical Storm",Western Pacific,
Rumbia,3,Male,"2013, 2000, 2006","Typhoon, Tropical Storm",Western Pacific,
Sonamu,3,Male,"2000, 2006, 2013","Typhoon, Tropical Storm",Western Pacific,
Kong rey,3,Male,"2001, 2013, 2007","Typhoon, Tropical Storm",Western Pacific,
Nari,3,Female,"2013, 2007, 2001",Typhoon,Western Pacific,
Pabuk,3,Female,"2001, 2013, 2007",Typhoon,Western Pacific,
Soulik,4,Male,"2013, 2006, 2000, 2000, 2001","Super Typhoon, Typhoon, Tropical Storm",Western Pacific,
Agni,1,Female,2004,Cyclone,Northern Indian,
Aila,1,Female,2009,Cyclone,Northern Indian,
Laila,1,Female,2010,Cyclone,Northern Indian,
Mala,1,Female,2006,Cyclone,Northern Indian,
Nargis,1,Female,2008,Cyclone,Northern Indian,
Phet,1,Female,2010,Cyclone,Northern Indian,
