Name,CrunchBase Profile,Role,Companies,Image
Hans-Werner Hector,http://de.wikipedia.org/wiki/Hans-Werner_Hector,Founder,SAP,http://images.forbes.com/media/lists/10/2006/4JKI.jpg
Akio Morita,http://en.wikipedia.org/wiki/Akio_Morita,Founder,Sony,http://www.adeptis.ru/vinci/akio_morita3.jpg
Alexander Graham Bell,http://en.wikipedia.org/wiki/Alexander_Graham_Bell,Founder,AT&T,https://upload.wikimedia.org/wikipedia/commons/thumb/1/10/Alexander_Graham_Bell.jpg/220px-Alexander_Graham_Bell.jpg
Andrew Viterbi,http://en.wikipedia.org/wiki/Andrew_Viterbi,Founder,Qualcomm,https://alum.mit.edu/sites/default/files/migrated/news/AlumniProfiles/images/Viterbi_Andrew_233x233.jpg
Bob Miner,http://en.wikipedia.org/wiki/Bob_Miner,Founder,Oracle,https://upload.wikimedia.org/wikipedia/commons/5/5d/Robert_Miner.gif
Charles Wang,http://en.wikipedia.org/wiki/Charles_Wang,Founder,CA Technologies,http://www.stonybrook.edu/commcms/wang/images/charles-wang.jpg
Claus Wellenreuther,http://en.wikipedia.org/wiki/Claus_Wellenreuther,Founder,SAP,http://www.colortears.com/wiki/images/b/bd/Claus_Wellenreuther.jpg
David Packard,http://en.wikipedia.org/wiki/David_Packard,Founder,HP,https://upload.wikimedia.org/wikipedia/en/thumb/6/6a/David_Packard.jpg/220px-David_Packard.jpg
Dietmar Hopp,http://en.wikipedia.org/wiki/Dietmar_Hopp,Founder,SAP,http://dietmar-hopp-stiftung.de/img/8.jpg
Ed Oates,http://en.wikipedia.org/wiki/Ed_Oates,Founder,Oracle,http://www.orafaq.com/wiki/images/thumb/a/a9/Edward_Oates.jpg/250px-Edward_Oates.jpg
Ernest Harrison,http://en.wikipedia.org/wiki/Ernest_Harrison,Founder,Vodafone,http://salbu.co.za/vodafone/eth.jpg
Fredrik Idestam,http://en.wikipedia.org/wiki/Fredrik_Idestam,Founder,Nokia,https://upload.wikimedia.org/wikipedia/commons/thumb/7/77/Fredrik_Idestam.png/175px-Fredrik_Idestam.png
Gary Hendrix,http://en.wikipedia.org/wiki/Gary_Hendrix,Founder,Symantec,http://programacion1-empresastics.wikispaces.com/file/view/1295831267hNZHUkiQ.jpg/395155278/1295831267hNZHUkiQ.jpg
Gerry Whent,http://en.wikipedia.org/wiki/Gerry_Whent,Founder,Vodafone,http://www.gsmhistory.com/new/wp-content/uploads/2013/03/Fig-24-Chris-Gerry.jpg
Gordon Moore,http://en.wikipedia.org/wiki/Gordon_Moore,Founder,Intel,https://upload.wikimedia.org/wikipedia/commons/thumb/6/6b/Gordon_Moore.jpg/220px-Gordon_Moore.jpg
Hasso Plattner,http://en.wikipedia.org/wiki/Hasso_Plattner,Founder,SAP,https://upload.wikimedia.org/wikipedia/commons/thumb/b/b1/Hasso_Plattner.JPG/220px-Hasso_Plattner.JPG
Irwin M. Jacobs,http://en.wikipedia.org/wiki/Irwin_M._Jacobs,Founder,Qualcomm,https://upload.wikimedia.org/wikipedia/commons/thumb/e/ef/Irwin_Jacobs.jpg/220px-Irwin_Jacobs.jpg
Ivan G. Seidenberg,http://en.wikipedia.org/wiki/Ivan_Seidenberg,Founder,Verizon Communications,https://upload.wikimedia.org/wikipedia/commons/thumb/f/fb/Ivan_Seidenberg.jpg/220px-Ivan_Seidenberg.jpg
Jim Kimsey,http://en.wikipedia.org/wiki/Jim_Kimsey,Founder,AOL,http://www.nndb.com/people/492/000053333/kimsey.jpg
Klaus Tschira,http://en.wikipedia.org/wiki/Klaus_Tschira,Founder,SAP,http://images.forbes.com/media/lists/10/2006/2UD0.jpg
Leo Mechelin,http://en.wikipedia.org/wiki/Leo_Mechelin,Founder,Nokia,https://upload.wikimedia.org/wikipedia/commons/thumb/7/71/Leo_Mechelin_%28cropped%29.png/220px-Leo_Mechelin_%28cropped%29.png
Leonard Bosack,http://en.wikipedia.org/wiki/Leonard_Bosack,Founder,Cisco Systems,https://upload.wikimedia.org/wikipedia/commons/1/11/Leonard_Bosack.jpg
Masaru Ibuka,http://en.wikipedia.org/wiki/Masaru_Ibuka,Founder,Sony,https://upload.wikimedia.org/wikipedia/en/c/c0/Tobei.gif
Ralph J. Roberts,http://en.wikipedia.org/wiki/Ralph_J._Roberts,Founder,Comcast,http://corporate.comcast.com/images/revised-master-headshot.jpg
Richard Egan,http://en.wikipedia.org/wiki/Richard_Egan_(businessman),Founder,EMC,https://upload.wikimedia.org/wikipedia/commons/3/33/Amb._Richard_Egan.jpg
Robert Noyce,http://en.wikipedia.org/wiki/Robert_Noyce,Founder,Intel,https://upload.wikimedia.org/wikipedia/commons/thumb/8/89/Noyce1.jpg/220px-Noyce1.jpg
Roger Marino,http://en.wikipedia.org/wiki/Roger_Marino,Founder,EMC,http://start6.mit.edu/sites/default/files/styles/large/public/Marino.png?itok=dY1bcGi4
Ronald Wayne,http://en.wikipedia.org/wiki/Ronald_Wayne,Founder,Apple,https://upload.wikimedia.org/wikipedia/commons/thumb/f/fa/RonaldWayneMacworld2009.jpg/220px-RonaldWayneMacworld2009.jpg
Sandy Lerner,http://en.wikipedia.org/wiki/Sandra_Lerner,Founder,Cisco Systems,https://upload.wikimedia.org/wikipedia/commons/4/43/Sandy_Lerner.jpg
William Redington Hewlett,http://en.wikipedia.org/wiki/William_Redington_Hewlett,Founder,HP,https://upload.wikimedia.org/wikipedia/commons/thumb/c/cf/Tripp_and_hewlett.jpg/220px-Tripp_and_hewlett.jpg
Adam Grosser,http://www.crunchbase.com/person/adam-grosser,Board of Directors,Cisco Systems,"http://a2.images.crunchbase.com/image/upload/c_pad,h_500,w_500/v1397183270/d5ee3ff100bed53d26937f6abf67e687.jpg"
Al Gore,http://www.crunchbase.com/person/al-gore,"Board of Directors, Advisory Board","Apple, Google","http://a4.images.crunchbase.com/image/upload/c_pad,h_500,w_500/v1397182202/7aeed9ffa7cd2ab62a89b08370c09911.png"
Alex J. Mandl,http://www.crunchbase.com/person/alex-j-mandl,Board of Directors,Dell,"http://a3.images.crunchbase.com/image/upload/c_pad,h_500,w_500/v1397186689/ceba1a1294a3ec5ea37578e41c5bb5d8.jpg"
Alexander Gounares,http://www.crunchbase.com/person/alexander-gounares,Advisory Board,Microsoft,"http://a1.images.crunchbase.com/image/upload/c_pad,h_500,w_500/v1397185926/da564e7f10656d58cb902edeca042b2a.png"
Alexey Timanovskiy,http://www.crunchbase.com/person/alexey-timanovskiy,Advisory Board,IBM,"http://a1.images.crunchbase.com/image/upload/c_pad,h_500,w_500/v1397183340/b52bff4dfef1be0582416a058e8cad3a.jpg"
Ali Partovi,http://www.crunchbase.com/person/ali-partovi,Advisory Board,Dropbox,"http://a2.images.crunchbase.com/image/upload/c_pad,h_500,w_500/v1398401323/vykr7agulcqmnzbud9eb.jpg"
Allen Blue,http://www.crunchbase.com/person/allen-blue,Founder,LinkedIn,"http://a4.images.crunchbase.com/image/upload/c_pad,h_500,w_500/v1398202302/xubakjcf8dydk7gew5h5.png"
Allen Miner,http://www.crunchbase.com/person/allen-miner,Board of Directors,Salesforce,"http://a3.images.crunchbase.com/image/upload/c_pad,h_500,w_500/v1397188403/b134f14862829e108c72f80563c44cbe.jpg"
Ambassador Charlene Barshefsky,http://www.crunchbase.com/person/ambassador-charlene-barshefsky,Board of Directors,Intel,"http://a3.images.crunchbase.com/image/upload/c_pad,h_500,w_500/v1397184350/7968ccff1b3b7dce4b038d01b2ec0a10.jpg"
Amy Banse,http://www.crunchbase.com/person/amy-banse,Board of Directors,Adobe,"http://a3.images.crunchbase.com/image/upload/c_pad,h_500,w_500/v1397181718/0dd5fde798e3151f17a5d59b4eb87f6a.jpg"
Andrea Jung,http://www.crunchbase.com/person/andrea-jung,Board of Directors,Apple,"http://a2.images.crunchbase.com/image/upload/c_pad,h_500,w_500/v1397183285/b1d661c690f50648a5870b1d6f0b28c5.jpg"
Andrew McCollum,http://www.crunchbase.com/person/andrew-mccollum,Founder,Facebook,"http://a5.images.crunchbase.com/image/upload/c_pad,h_500,w_500/v1397184655/9a099c4be293b4affc9a5702f788f30d.jpg"
Anil Khatri,http://www.crunchbase.com/person/anil-khatri,Board of Directors,LinkedIn,
Anita M. Sands,http://www.crunchbase.com/person/anita-m-sands,Board of Directors,Symantec,"http://a3.images.crunchbase.com/image/upload/c_pad,h_500,w_500/v1397184288/4195a30a2f613a38ae47e1bfe692b7f9.jpg"
Ann M. Livermore,http://www.crunchbase.com/person/ann-m-livermore,Board of Directors,HP,"http://a2.images.crunchbase.com/image/upload/c_pad,h_500,w_500/v1397184970/cb40acb39d44caca919c5940e7333942.jpg"
Ann Mather,http://www.crunchbase.com/person/ann-mather,Board of Directors,Google,
Arash Ferdowsi,http://www.crunchbase.com/person/arash-ferdowsi,Founder,Dropbox,"http://a4.images.crunchbase.com/image/upload/c_pad,h_500,w_500/v1397180961/8d37150f6730135e76ce0484796c0723.jpg"
Arthur D. Levinson,http://www.crunchbase.com/person/arthur-d-levinson,Board of Directors,"Apple, Google","http://a2.images.crunchbase.com/image/upload/c_pad,h_500,w_500/v1397182671/6e76eb34803943f25fe9baddefeaf992.jpg"
Arthur Kern,http://www.crunchbase.com/person/arthur-kern,Board of Directors,Yahoo,"http://a1.images.crunchbase.com/image/upload/c_pad,h_500,w_500/v1397184098/06d716c882422a6f282f2af333c347d6.jpg"
Arun Sarin,http://www.crunchbase.com/person/arun-sarin,Board of Directors,"Cisco Systems, Vodafone","http://a2.images.crunchbase.com/image/upload/c_pad,h_500,w_500/v1397184415/7b312ab8d1528ebbbee772de39251adb.jpg"
Eli Harari,http://www.crunchbase.com/person/aryeh-mergi,Founder,SanDisk,"http://a3.images.crunchbase.com/image/upload/c_pad,h_500,w_500/v1397181152/117212d62237762fd375b18074a05cf7.png"
Barbara Stymiest,http://www.crunchbase.com/person/barbara-stymiest,Board of Directors,BlackBerry,
Ben Silbermann,http://www.crunchbase.com/person/ben-silbermann,Founder,Pinterest,"http://a3.images.crunchbase.com/image/upload/c_pad,h_500,w_500/v1397182680/e6fcda832c8bb89d94e6c061a98313c8.png"
Bengt Holmstrom,http://www.crunchbase.com/person/bengt-holmstrom,Board of Directors,Nokia,
Benjamin Joe,http://www.crunchbase.com/person/benjamin-joe,Advisory Board,IBM,"http://a5.images.crunchbase.com/image/upload/c_pad,h_500,w_500/v1397184146/109fa76444c209930b8949470d4d6332.jpg"
Bert Nordberg,http://www.crunchbase.com/person/bert-nordberg,Board of Directors,BlackBerry,
Bijan Sabet,http://www.crunchbase.com/person/bijan-sabet,Board of Directors,Twitter,"http://a3.images.crunchbase.com/image/upload/c_pad,h_500,w_500/v1397184566/12e1a87f10ab6df3f8d0cc96b3e0293c.jpg"
Bill Campbell,http://www.crunchbase.com/person/bill-campbell,Board of Directors,Apple,"http://a2.images.crunchbase.com/image/upload/c_pad,h_500,w_500/v1397183283/d25b8ef8b86f46be4d0ed8a782d35495.jpg"
Bill Gates,http://www.crunchbase.com/person/bill-gates,Founder,Microsoft,"http://a5.images.crunchbase.com/image/upload/c_pad,h_500,w_500/v1397183828/494df3a4b068e4b4a22d587288f5e5ed.jpg"
Bill Hambrecht,http://www.crunchbase.com/person/bill-hambrecht,Board of Directors,AOL,"http://a4.images.crunchbase.com/image/upload/c_pad,h_500,w_500/v1407867493/c0leqeuepptgprnzdfp3.jpg"
Bing Gordon,http://www.crunchbase.com/person/bing-gordon,Board of Directors,Amazon,"http://a3.images.crunchbase.com/image/upload/c_pad,h_500,w_500/v1397184687/4ad3fa8f2e0872aa1af0bfc74a0b194f.png"
Biz Stone,http://www.crunchbase.com/person/biz-stone,Founder,Twitter,"http://a3.images.crunchbase.com/image/upload/c_pad,h_500,w_500/v1397180257/3cae47714a1cd2159ccae17dde81d7bd.png"
Bob Calderoni,http://www.crunchbase.com/person/bob-calderoni,Board of Directors,Juniper Networks,"http://a3.images.crunchbase.com/image/upload/c_pad,h_500,w_500/v1397188648/a78f0935f2b88f7568c043a7510d7bf9.jpg"
Brian Halla,http://www.crunchbase.com/person/brian-halla,Board of Directors,Cisco Systems,"http://a2.images.crunchbase.com/image/upload/c_pad,h_500,w_500/v1397181268/2d36d1150e24cad09d088c8228f7b894.jpg"
Brian Herschaft,http://www.crunchbase.com/person/brian-herschaft,Advisory Board,Microsoft,"http://a4.images.crunchbase.com/image/upload/c_pad,h_500,w_500/v1398535352/ff7q77bbcqghbwfkggks.png"
Brian Snyder,http://www.crunchbase.com/person/brian-snyder,Advisory Board,IBM,"http://a2.images.crunchbase.com/image/upload/c_pad,h_500,w_500/v1397631395/e34bd051c8e89888d3cb10bad2c5bf21.jpg"
Bruce Brown,http://www.crunchbase.com/person/bruce-brown,Board of Directors,Nokia,"http://a3.images.crunchbase.com/image/upload/c_pad,h_500,w_500/v1397184998/b40099ce02a96667590220dd3acc6109.jpg"
Bryan Schreier,http://www.crunchbase.com/person/bryan-schreier,Board of Directors,Dropbox,"http://a4.images.crunchbase.com/image/upload/c_pad,h_500,w_500/v1397181987/ecb2fcf0b42124875c4365536818d5f1.jpg"
Byeong-Gi Lee,http://www.crunchbase.com/person/byeong-gi-lee,Board of Directors,Samsung,"http://a1.images.crunchbase.com/image/upload/c_pad,h_500,w_500/v1397180351/9d3e5c044bfa791c17af89c0a1e36fab.gif"
C.Y. Lee,http://www.crunchbase.com/person/c-y-lee,Advisory Board,Microsoft,"http://a5.images.crunchbase.com/image/upload/c_pad,h_500,w_500/v1397188107/4114998f9688bcebde24fb76958048db.jpg"
Candice Olson,http://www.crunchbase.com/person/candice-olson,Advisory Board,AOL,"http://a2.images.crunchbase.com/image/upload/c_pad,h_500,w_500/v1397631278/dbfbdbaa2c3db28676778bfcfeaf3b17.jpg"
Carol Bartz,http://www.crunchbase.com/person/carol-bartz,Board of Directors,Cisco Systems,"http://a1.images.crunchbase.com/image/upload/c_pad,h_500,w_500/v1397180704/f0e1a47f3a7215199d345114fa389dbb.jpg"
Charles Geschke,http://www.crunchbase.com/person/charles-geschke,Founder,Adobe,"http://a1.images.crunchbase.com/image/upload/c_pad,h_500,w_500/v1397182808/0180cc6f674159d14cfb55a803c2f355.jpg"
Charles H. Noski,http://www.crunchbase.com/person/charles-h-noski,Board of Directors,Microsoft,"http://a4.images.crunchbase.com/image/upload/c_pad,h_500,w_500/v1397180892/0b6e9551b4b0474dd605eac26d1e0b5f.jpg"
Charles Hilliard,http://www.crunchbase.com/person/charles-hilliard,Advisory Board,Dropbox,"http://a3.images.crunchbase.com/image/upload/c_pad,h_500,w_500/v1397181177/3d0cd4998daf2b210e67bd3eb5a6601b.jpg"
Chris Featherstone,http://www.crunchbase.com/person/chris-featherstone,Advisory Board,Microsoft,
Chris Hughes,http://www.crunchbase.com/person/chris-hughes,Founder,Facebook,"http://a5.images.crunchbase.com/image/upload/c_pad,h_500,w_500/v1397180235/4cb0679c4537c0b1f7cc003204ed5446.jpg"
Chris Sacca,http://www.crunchbase.com/person/chris-sacca,Advisory Board,Twitter,"http://a4.images.crunchbase.com/image/upload/c_pad,h_500,w_500/v1397183334/99297e2e1d248811297969a14673f515.jpg"
Clarence Otis Jr.,http://www.crunchbase.com/person/clarence-otis-jr,Board of Directors,Verizon Communications,"http://a5.images.crunchbase.com/image/upload/c_pad,h_500,w_500/v1397187655/696faaebd4882ed51ffdc2f99d701b01.jpg"
Claudia Kotchka,http://www.crunchbase.com/person/claudia-kotchka,Board of Directors,BlackBerry,
Clement Bazan,http://www.crunchbase.com/person/clement-bazan,Advisory Board,Apple,"http://a3.images.crunchbase.com/image/upload/c_pad,h_500,w_500/v1397183961/d14c96b2702ad7ddabf3a84f1d84613d.jpg"
Colin Powell,http://www.crunchbase.com/person/colin-powell,Board of Directors,Salesforce,"http://a1.images.crunchbase.com/image/upload/c_pad,h_500,w_500/v1397184698/afb3898104bcd8cc00b0f7cbb2ff086e.png"
Condoleezza Rice,http://www.crunchbase.com/person/condoleezza-rice,Board of Directors,Dropbox,"http://a2.images.crunchbase.com/image/upload/c_pad,h_500,w_500/v1399557725/g0ke0oiwakslaa9fk4qg.jpg"
Craig Ramsey,http://www.crunchbase.com/person/craig-ramsey,Board of Directors,Salesforce,"http://a2.images.crunchbase.com/image/upload/c_pad,h_500,w_500/v1397180697/b1a61e1a7f7afc6042ffeaea9780ac56.png"
Cynthia B. Taylor,http://www.crunchbase.com/person/cynthia-b-taylor,Board of Directors,AT&T,"http://a1.images.crunchbase.com/image/upload/c_pad,h_500,w_500/v1397188549/43339ff0e7719cf062058660d89b7261.jpg"
Dan Rosensweig,http://www.crunchbase.com/person/dan-rosensweig,Board of Directors,Adobe,"http://a3.images.crunchbase.com/image/upload/c_pad,h_500,w_500/v1397183216/5dc6870f99251c54b5e0c393db2d3196.jpg"
Dan Schulman,http://www.crunchbase.com/person/dan-schulman,Board of Directors,Symantec,"http://a5.images.crunchbase.com/image/upload/c_pad,h_500,w_500/v1397631431/178e539d7fd643a52865b08854fafa6a.jpg"
David B. Yoffie,http://www.crunchbase.com/person/david-b-yoffie,Board of Directors,Intel,"http://a4.images.crunchbase.com/image/upload/c_pad,h_500,w_500/v1397184361/2a5dbf18dfdd2ef91359898f046db689.jpg"
David Bell,http://www.crunchbase.com/person/david-bell-4,Board of Directors,"AOL, Google","http://a4.images.crunchbase.com/image/upload/c_pad,h_500,w_500/v1397633251/ae0cf8d2c113fd7c20139aa2ad9eca5f.jpg"
David Cowan,http://www.crunchbase.com/person/david-cowan,Board Observer,LinkedIn,"http://a2.images.crunchbase.com/image/upload/c_pad,h_500,w_500/v1397180311/ba0aea25b710cdb74c75a4656bca0188.jpg"
David E. Kepler,http://www.crunchbase.com/person/david-e-kepler,Board of Directors,Teradata,"http://a5.images.crunchbase.com/image/upload/c_pad,h_500,w_500/v1397185687/21ee8066a8ed4b81857d75358f53306d.jpg"
David Filo,http://www.crunchbase.com/person/david-filo,Founder,Yahoo,"http://a2.images.crunchbase.com/image/upload/c_pad,h_500,w_500/v1397182973/43bb55826ce47768eefdbbb297ba2b2d.jpg"
David Ing,http://www.crunchbase.com/person/david-ing,Advisory Board,Microsoft,"http://a1.images.crunchbase.com/image/upload/c_pad,h_500,w_500/v1397186427/2ee0ef63390e35e8f6dccc1ff29c04d1.jpg"
David M. Thomas,http://www.crunchbase.com/person/david-m-thomas,Board of Directors,IBM,"http://a2.images.crunchbase.com/image/upload/c_pad,h_500,w_500/v1397189156/1e819642efe98b83065eafe2e8088430.jpg"
David Mahoney,http://www.crunchbase.com/person/david-mahoney,Board of Directors,Symantec,"http://a1.images.crunchbase.com/image/upload/c_pad,h_500,w_500/v1397180375/4e1965ca761339af2b8036d959e5d798.jpg"
David Marquardt,http://www.crunchbase.com/person/david-marquardt,Board of Directors,Microsoft,
David Pottruck,http://www.crunchbase.com/person/david-pottruck,Board of Directors,Intel,"http://a2.images.crunchbase.com/image/upload/c_pad,h_500,w_500/v1397181853/6a9635043f85bd451f4eac26453e1839.jpg"
David Rosenblatt,http://www.crunchbase.com/person/david-rosenblatt,Board of Directors,Twitter,"http://a2.images.crunchbase.com/image/upload/c_pad,h_500,w_500/v1397188595/9a4a18167ab5bb6344a9234676fbb149.jpg"
David Strohm,http://www.crunchbase.com/person/david-strohm,Board of Directors,EMC,"http://a2.images.crunchbase.com/image/upload/c_pad,h_500,w_500/v1397185145/e07c827e252323d855edab3f0467e00b.jpg"
David Sze,http://www.crunchbase.com/person/david-sze,Board of Directors,LinkedIn,"http://a1.images.crunchbase.com/image/upload/c_pad,h_500,w_500/v1397180763/8d800ba3758666436e58fa474b96bf9c.jpg"
David Ting,http://www.crunchbase.com/person/david-ting,Advisory Board,IBM,"http://a2.images.crunchbase.com/image/upload/c_pad,h_500,w_500/v1397181950/b471b0532fd24c0de3276a68b6451bd5.jpg"
Denise Fekete,http://www.crunchbase.com/person/denise-fekete,Advisory Board,BlackBerry,"http://a2.images.crunchbase.com/image/upload/c_pad,h_500,w_500/v1397182519/b0b4c157485c371989d4787035a5a755.jpg"
Dennis Johnson,http://www.crunchbase.com/person/dennis-johnson,Advisory Board,IBM,
Dick Kramlich,http://www.crunchbase.com/person/dick-kramlich,Board of Directors,Juniper Networks,"http://a4.images.crunchbase.com/image/upload/c_pad,h_500,w_500/v1397181402/759567c72dedb16a29cc150fcea7742b.jpg"
Dileepan Siva,http://www.crunchbase.com/person/dileepan-siva,Advisory Board,eBay,"http://a3.images.crunchbase.com/image/upload/c_pad,h_500,w_500/v1404750936/fckhf60dte55bm3rqmta.jpg"
Dina Dublon,http://www.crunchbase.com/person/dina-dublon,Board of Directors,Microsoft,"http://a3.images.crunchbase.com/image/upload/c_pad,h_500,w_500/v1397180890/a2c11b0a89e5c839fa24e96857a3c4ff.jpg"
Don Valentine,http://www.crunchbase.com/person/don-valentine,Board of Directors,"Apple, Cisco Systems, Oracle","http://a2.images.crunchbase.com/image/upload/c_pad,h_500,w_500/v1397180421/b1e1df6f5ca2e0311335ecf1a64b8e53.jpg"
Dona Crawford,http://www.crunchbase.com/person/dona-crawford,Advisory Board,Microsoft,"http://a3.images.crunchbase.com/image/upload/c_pad,h_500,w_500/v1397188431/4765e07e827496ccb12fca3d4fc88d87.jpg"
Donald E. Graham,http://www.crunchbase.com/person/donald-e-graham,Board of Directors,Facebook,"http://a2.images.crunchbase.com/image/upload/c_pad,h_500,w_500/v1397182764/071855f1ab96261849216b36ebb87ba0.jpg"
Donald J. Carty,http://www.crunchbase.com/person/donald-j-carty,Board of Directors,Dell,"http://a1.images.crunchbase.com/image/upload/c_pad,h_500,w_500/v1397186678/e2f88b460f2ecb1c931d0e3ffd0c4249.jpg"
Donald T. Nicolaisen,http://www.crunchbase.com/person/donald-t-nicolaisen,Board of Directors,Verizon Communications,"http://a1.images.crunchbase.com/image/upload/c_pad,h_500,w_500/v1397187090/7deee15a9cb871138e10915847bf6f98.jpg"
Dong-Min Yoon,http://www.crunchbase.com/person/dong-min-yoon,Board of Directors,Samsung,"http://a5.images.crunchbase.com/image/upload/c_pad,h_500,w_500/v1397180347/82f33bdf62eabb9f491089de9150d296.gif"
Hector Garcia Molina,http://www.crunchbase.com/person/dr-hector-garcia-molina,Board of Directors,Oracle,"http://a3.images.crunchbase.com/image/upload/c_pad,h_500,w_500/v1397188226/5ffccd88dc49558cc2482bd6af85fc37.jpg"
James Cash,http://www.crunchbase.com/person/dr-james-cash,Board of Directors,Microsoft,"http://a1.images.crunchbase.com/image/upload/c_pad,h_500,w_500/v1397185943/2c72424aa43593b2250d64946f7baa10.jpg"
James D. Plummer,http://www.crunchbase.com/person/dr-james-d-plummer,Board of Directors,Intel,"http://a1.images.crunchbase.com/image/upload/c_pad,h_500,w_500/v1397184963/63cdfd4e3cb505ffe7446ecada20c6cf.jpg"
Jeffrey Ullman,http://www.crunchbase.com/person/dr-jeffrey-ullman,Advisory Board,Google,"http://a4.images.crunchbase.com/image/upload/c_pad,h_500,w_500/v1397185490/0e9daa0e23765a78eacc7d6dfcf522ce.png"
Dr. Makimoto,http://www.crunchbase.com/person/dr-makimoto,Advisory Board,Sony,
Drew Houston,http://www.crunchbase.com/person/drew-houston,Founder,Dropbox,"http://a4.images.crunchbase.com/image/upload/c_pad,h_500,w_500/v1409434033/d98moinzulrm27hlnktt.jpg"
Dustin Moskovitz,http://www.crunchbase.com/person/dustin-moskovitz,Founder,Facebook,"http://a1.images.crunchbase.com/image/upload/c_pad,h_500,w_500/v1397180232/394460aa1db8e18c4eddd5af40cd757c.jpg"
Ed Kozel,http://www.crunchbase.com/person/ed-kozel,Board of Directors,Yahoo,"http://a2.images.crunchbase.com/image/upload/c_pad,h_500,w_500/v1397184102/75facbe2fa95960673fe0cc324d1efe5.jpg"
Eddy Hartenstein,http://www.crunchbase.com/person/eddy-hartenstein,Board of Directors,SanDisk,
Eduardo G. Mestre,http://www.crunchbase.com/person/eduardo-g-mestre,Board of Directors,Comcast,"http://a2.images.crunchbase.com/image/upload/c_pad,h_500,w_500/v1397180645/e5c07c0436617b3ff5f27f720828c98f.png"
Eduardo Saverin,http://www.crunchbase.com/person/eduardo-saverin,Founder,Facebook,"http://a5.images.crunchbase.com/image/upload/c_pad,h_500,w_500/v1397185511/03551713557f6450b97e81990e1ee92e.jpg"
Edward W. Barnholt,http://www.crunchbase.com/person/edward-w-barnholt,Board of Directors,Adobe,"http://a5.images.crunchbase.com/image/upload/c_pad,h_500,w_500/v1397185436/6693246d22bc758667f7422295d2ceba.jpg"
Elizabeth Doherty,http://www.crunchbase.com/person/elizabeth-doherty,Board of Directors,Nokia,"http://a4.images.crunchbase.com/image/upload/c_pad,h_500,w_500/v1397185015/174678f963ee0a087fa9471c4078fd76.jpg"
Elizabeth Nelson,http://www.crunchbase.com/person/elizabeth-nelson,Board of Directors,Nokia,"http://a5.images.crunchbase.com/image/upload/c_pad,h_500,w_500/v1397185021/741748a42ca7b5db72050cd7cdd9abaf.jpg"
Eric Hippeau,http://www.crunchbase.com/person/eric-hippeau,Board of Directors,Yahoo,"http://a3.images.crunchbase.com/image/upload/c_pad,h_500,w_500/v1397180766/6e72e7afc43586811adf600520c330ba.jpg"
Eric Ly,http://www.crunchbase.com/person/eric-ly,Founder,LinkedIn,"http://a4.images.crunchbase.com/image/upload/c_pad,h_500,w_500/v1397183944/ba35be7e3a9bc7b9732fc7ccd25e250c.jpg"
Eric Schmidt,http://www.crunchbase.com/person/eric-schmidt,Board of Directors,Apple,"http://a2.images.crunchbase.com/image/upload/c_pad,h_500,w_500/v1397180972/9a19b0609d16108c0c7cbd3af9e00875.jpg"
Erskine Bowles,http://www.crunchbase.com/person/erskine-b-bowles,Board of Directors,Facebook,"http://a1.images.crunchbase.com/image/upload/c_pad,h_500,w_500/v1397187062/3ab015fa000495dedc86d80c7c0b37a6.jpg"
Etienne Castiaux,http://www.crunchbase.com/person/etienne-castiaux,Advisory Board,Oracle,"http://a3.images.crunchbase.com/image/upload/c_pad,h_500,w_500/v1397184034/ee5ebb611285ee822002a5f94f78c92c.jpg"
Evan Sharp,http://www.crunchbase.com/person/evan-sharp,Founder,Pinterest,"http://a5.images.crunchbase.com/image/upload/c_pad,h_500,w_500/v1398428509/kf9txjocuex5eowaqjwf.png"
Evan Williams,http://www.crunchbase.com/person/evan-williams,Founder,Twitter,"http://a3.images.crunchbase.com/image/upload/c_pad,h_500,w_500/v1397180253/a2a33abf8cacdb3251ab29286c2e7093.png"
Eve Burton,http://www.crunchbase.com/person/eve-burton,Board of Directors,AOL,"http://a5.images.crunchbase.com/image/upload/c_pad,h_500,w_500/v1397182653/cfdd00d85586a8456fd4b1a08135c699.jpg"
Frank Calderoni,http://www.crunchbase.com/person/frank-calderoni,Board of Directors,Adobe,"http://a1.images.crunchbase.com/image/upload/c_pad,h_500,w_500/v1397182799/47dbb265ba0f5a65e2bcd38141db8398.jpg"
Frank Marshall,http://www.crunchbase.com/person/frank-marshall,Board of Directors,Juniper Networks,
Frank Yeary,http://www.crunchbase.com/person/frank-yeary,Board of Directors,Intel,"http://a1.images.crunchbase.com/image/upload/c_pad,h_500,w_500/v1397183718/55fa4a42a11891088703f8a0538657a5.jpg"
Fred Kauber,http://www.crunchbase.com/person/fred-kauber,Advisory Board,IBM,"http://a5.images.crunchbase.com/image/upload/c_pad,h_500,w_500/v1397183859/2ed6ba645353d1a3f63bc09d67105e4d.jpg"
Fred Reynolds,http://www.crunchbase.com/person/fred-reynolds,Board of Directors,AOL,
G. Kennedy Thompson,http://www.crunchbase.com/person/g-kennedy-thompson,Board of Directors,HP,"http://a4.images.crunchbase.com/image/upload/c_pad,h_500,w_500/v1397181972/775401f23d79d62a9585c867576576b2.jpg"
Gareth C.C. Chang,http://www.crunchbase.com/person/gareth-c-c-chang,Board of Directors,Apple,
Gary Reiner,http://www.crunchbase.com/person/gary-reiner,Board of Directors,HP,"http://a1.images.crunchbase.com/image/upload/c_pad,h_500,w_500/v1397184181/9876bb631e5968b2a3e96abf1dfb2d34.jpg"
Gary Wilson,http://www.crunchbase.com/person/gary-wilson,Board of Directors,Yahoo,"http://a2.images.crunchbase.com/image/upload/c_pad,h_500,w_500/v1397184103/eff711df887afde0ab77ba0e98144e5f.jpg"
Gee-Sung Choi,http://www.crunchbase.com/person/gee-sung-choi,Board of Directors,Samsung,"http://a4.images.crunchbase.com/image/upload/c_pad,h_500,w_500/v1397180343/974e956948a0e2f54f844e36a826e433.gif"
Geoffrey Moore,http://www.crunchbase.com/person/geoffrey-moore-2,Advisory Board,Salesforce,"http://a2.images.crunchbase.com/image/upload/c_pad,h_500,w_500/v1397187215/d3f4847212db4b70854ffa659343417f.jpg"
Gerald L. Hassell,http://www.crunchbase.com/person/gerald-l-hassell,Board of Directors,Comcast,"http://a2.images.crunchbase.com/image/upload/c_pad,h_500,w_500/v1397180642/1d9d3bd7d3e85f537847061f42969335.jpg"
Gerry Laybourne,http://www.crunchbase.com/person/geraldine-b-laybourne,Board of Directors,Symantec,"http://a5.images.crunchbase.com/image/upload/c_pad,h_500,w_500/v1397180273/3523fa76a67cc91efafc9e81bf4d9277.jpg"
Gerard J. Kleisterlee,http://www.crunchbase.com/person/gerard-j-kleisterlee,Board of Directors,Dell,"http://a4.images.crunchbase.com/image/upload/c_pad,h_500,w_500/v1397186685/825dce5181d75f881af6c33ca4ed3b12.jpg"
Gervase Clifton-Bligh,http://www.crunchbase.com/person/gervase-clifton-bligh,Advisory Board,Amazon,
Gilbert F. Amelio,http://www.crunchbase.com/person/gilbert-f-amelio,"Board of Directors, Advisory Board","Apple, AT&T","http://a4.images.crunchbase.com/image/upload/c_pad,h_500,w_500/v1397182795/8ee5a69b507766978d037cf4d602c621.jpg"
Gilles d’Aramon,http://www.crunchbase.com/person/gilles-daramon,Board of Directors,Cisco Systems,"http://a3.images.crunchbase.com/image/upload/c_pad,h_500,w_500/v1397181588/4500ea67750e464e00f0417c0e2efcde.jpg"
Greg Brown,http://www.crunchbase.com/person/greg-brown,Board of Directors,Cisco Systems,"http://a5.images.crunchbase.com/image/upload/c_pad,h_500,w_500/v1397185486/2fa6740abcf453390470f9bfa03f24a2.jpg"
Greg Tarr,http://www.crunchbase.com/person/greg-tarr,Advisory Board,Vodafone,"http://a4.images.crunchbase.com/image/upload/c_pad,h_500,w_500/v1397184619/c651a00cb1a7010bbafc3555f1b6b89f.jpg"
Gregory D. Wasson,http://www.crunchbase.com/person/gregory-d-wasson,Board of Directors,Verizon Communications,"http://a1.images.crunchbase.com/image/upload/c_pad,h_500,w_500/v1397182232/07aea7bd7d8dce44675dce2f87d1275c.jpg"
Haavard Nord,http://www.crunchbase.com/person/haavard-nord,Advisory Board,Nokia,"http://a5.images.crunchbase.com/image/upload/c_pad,h_500,w_500/v1397186342/3ca8cbafe67be0554a77580cb8428b43.jpg"
Hadi Partovi,http://www.crunchbase.com/person/hadi-partovi,Advisory Board,"Dropbox, Facebook","http://a1.images.crunchbase.com/image/upload/c_pad,h_500,w_500/v1397180545/c62f1c4a891f887a733be25fca78bc55.jpg"
Han-joong Kim,http://www.crunchbase.com/person/han-joong-kim,Board of Directors,Samsung,"http://a5.images.crunchbase.com/image/upload/c_pad,h_500,w_500/v1397180349/5682453665123b5ac5d7784a5c550bcd.gif"
Heidi S. Messer,http://www.crunchbase.com/person/heidi-s-messer,Advisory Board,Dropbox,"http://a1.images.crunchbase.com/image/upload/c_pad,h_500,w_500/v1398907051/c2j4vu4erfw4egttz9pq.jpg"
Helge Lund,http://www.crunchbase.com/person/helge-lund,Board of Directors,Nokia,"http://a5.images.crunchbase.com/image/upload/c_pad,h_500,w_500/v1397185018/fe31643add8c1a4692c2785c47274cf8.jpg"
Helmut Panke,http://www.crunchbase.com/person/helmut-panke,Board of Directors,Microsoft,"http://a2.images.crunchbase.com/image/upload/c_pad,h_500,w_500/v1397180892/0c5a64f325068c75bb58c21541d1d06b.jpg"
Henning Kagermann,http://www.crunchbase.com/person/henning-kagermann,Board of Directors,Nokia,"http://a2.images.crunchbase.com/image/upload/c_pad,h_500,w_500/v1397185016/c5594ddef168f5be30fd5117198e7322.jpg"
Henry Schacht,http://www.crunchbase.com/person/henry-schacht,Board of Directors,AT&T,"http://a3.images.crunchbase.com/image/upload/c_pad,h_500,w_500/v1397185261/08026482fa2056f861a59fff3dcc0cf5.jpg"
Hing Wong,http://www.crunchbase.com/person/hing-wong,Advisory Board,IBM,"http://a3.images.crunchbase.com/image/upload/c_pad,h_500,w_500/v1397184177/3afe790bc756e469fe0a3efbe0f0fe7c.jpg"
Howard Green,http://www.crunchbase.com/person/howard-green,Board of Directors,Apple,"http://a2.images.crunchbase.com/image/upload/c_pad,h_500,w_500/v1401967172/vjxe5kunu3ywvceokaex.jpg"
Howard Schultz,http://www.crunchbase.com/person/howard-schultz,Board of Directors,eBay,"http://a1.images.crunchbase.com/image/upload/c_pad,h_500,w_500/v1398706968/y5jwguyyl7dfqkhpxczu.jpg"
Hugh B. Price,http://www.crunchbase.com/person/hugh-b-price,Board of Directors,Verizon Communications,"http://a2.images.crunchbase.com/image/upload/c_pad,h_500,w_500/v1397187656/11259e6a899d5a3bbf4eee748759b79c.jpg"
Igor R. Agamirzian,http://www.crunchbase.com/person/igor-r-agamirzian,Board of Directors,Microsoft,"http://a1.images.crunchbase.com/image/upload/c_pad,h_500,w_500/v1397183835/4391f6ac2566841478ad688006fcb39d.jpg"
Byung-Chull Lee,http://www.crunchbase.com/person/ilbok-lee,Founder,Samsung Electronics,"http://a2.images.crunchbase.com/image/upload/c_pad,h_500,w_500/v1397184074/d18673e165c53725dde010288899dd03.jpg"
In-Ho Lee,http://www.crunchbase.com/person/in-ho-lee,Board of Directors,Samsung,"http://a3.images.crunchbase.com/image/upload/c_pad,h_500,w_500/v1397180348/65ebf61ebdaeaef05095ea1bd4f85c1d.gif"
Inmaculada Martinez,http://www.crunchbase.com/person/inmaculada-martinez,Advisory Board,Nokia,"http://a4.images.crunchbase.com/image/upload/c_pad,h_500,w_500/v1397184706/c22d40a40c9dc6153b0754ec2a86237c.jpg"
Isabel Marey-Semper,http://www.crunchbase.com/person/isabel-marey-semper,Board of Directors,Nokia,
Jack Dorsey,http://www.crunchbase.com/person/jack-dorsey,Founder,Twitter,"http://a3.images.crunchbase.com/image/upload/c_pad,h_500,w_500/v1398125162/gpykfzghdzmruoj67qjf.jpg"
Jaime Chico Pardo,http://www.crunchbase.com/person/jaime-chico-pardo,Board of Directors,AT&T,"http://a4.images.crunchbase.com/image/upload/c_pad,h_500,w_500/v1397188548/45dd6cac7d9a1d422095e1fabacbce47.jpg"
James E. Daley,http://www.crunchbase.com/person/james-e-daley,Board of Directors,Adobe,"http://a2.images.crunchbase.com/image/upload/c_pad,h_500,w_500/v1397185453/0f1af0b9159e3f4f22950578cff46dfe.jpg"
James Gemmell,http://www.crunchbase.com/person/james-gemmell,Advisory Board,Cisco Systems,"http://a1.images.crunchbase.com/image/upload/c_pad,h_500,w_500/v1397185974/4c901a7a3161f16d5d13a6d794f94834.jpg"
James Sullivan,http://www.crunchbase.com/person/james-sullivan,Advisory Board,SAP,
James W. Owens,http://www.crunchbase.com/person/james-w-owens,Board of Directors,IBM,"http://a1.images.crunchbase.com/image/upload/c_pad,h_500,w_500/v1397187094/9f46df4392c6fc4a12925a9427a0cb5e.jpg"
Jan Koum,http://www.crunchbase.com/person/jan-koum,Board of Directors,Facebook,"http://a4.images.crunchbase.com/image/upload/c_pad,h_500,w_500/v1397180330/a95c4c82ec27cf52a9c7ad7a7d35aabd.jpg"
Janet F. Clark,http://www.crunchbase.com/person/janet-f-clark,Board of Directors,Dell,"http://a4.images.crunchbase.com/image/upload/c_pad,h_500,w_500/v1397186681/960392fb404700025f6864b1cf9c9e3e.jpg"
Jay Samit,http://www.crunchbase.com/person/jay-samit,Advisory Board,LinkedIn,"http://a5.images.crunchbase.com/image/upload/c_pad,h_500,w_500/v1397185507/62cc766fb58634c28088b7166a2e84ad.jpg"
Jean-Luc Vaillant,http://www.crunchbase.com/person/jean-luc-vaillant,Founder,LinkedIn,"http://a1.images.crunchbase.com/image/upload/c_pad,h_500,w_500/v1397180528/8e316fd86691d1db045b9f61b3ffdace.jpg"
Jeff Bezos,http://www.crunchbase.com/person/jeff-bezos,Founder,Amazon,"http://a5.images.crunchbase.com/image/upload/c_pad,h_500,w_500/v1397180893/50f2da87df0260841777569869a94875.jpg"
Jeffrey Glass,http://www.crunchbase.com/person/jeffrey-glass,Board Observer,LinkedIn,"http://a1.images.crunchbase.com/image/upload/c_pad,h_500,w_500/v1397187087/a3068cb4c98b5a3da333bc23241b4b1f.jpg"
Jerry Yang,http://www.crunchbase.com/person/jerry-yang,"Board of Directors, Founder","Cisco Systems, Yahoo","http://a2.images.crunchbase.com/image/upload/c_pad,h_500,w_500/v1397182972/0dab3641de0b6bbfd41511c1d990e31f.jpg"
Jim Breyer,http://www.crunchbase.com/person/jim-breyer,Board of Directors,"Dell, Facebook","http://a2.images.crunchbase.com/image/upload/c_pad,h_500,w_500/v1403246352/gonfjikej9vpyrkhl4s4.jpg"
Jim Gibbons,http://www.crunchbase.com/person/jim-gibbons,Board of Directors,Cisco Systems,"http://a3.images.crunchbase.com/image/upload/c_pad,h_500,w_500/v1397183197/5267cde0365e883d43f3d5b7ae612ffd.jpg"
Jim Wiatt,http://www.crunchbase.com/person/jim-wiatt,Board of Directors,AOL,"http://a3.images.crunchbase.com/image/upload/c_pad,h_500,w_500/v1398793764/oa0xqftzoqhuwbee4io6.jpg"
John Dickey,http://www.crunchbase.com/person/john-dickey,Advisory Board,IBM,"http://a2.images.crunchbase.com/image/upload/c_pad,h_500,w_500/v1397184551/88052900925b2a131ba5c8b442bf0b32.jpg"
John Doerr,http://www.crunchbase.com/person/john-doerr,Board of Directors,"Amazon, Google","http://a4.images.crunchbase.com/image/upload/c_pad,h_500,w_500/v1397180970/b2ce826ad6e371cb1865848f8d362e06.jpg"
John Donahoe,http://www.crunchbase.com/person/john-donahoe,Board of Directors,Intel,"http://a3.images.crunchbase.com/image/upload/c_pad,h_500,w_500/v1397180266/298e8bae9c9c0ea30a4496fd82fac213.png"
John L. Hennessy,http://www.crunchbase.com/person/john-l-hennessy,Board of Directors,"Cisco Systems, Google","http://a1.images.crunchbase.com/image/upload/c_pad,h_500,w_500/v1397182671/3369b83588f3d4e3e9daf3cbeeb96e57.jpg"
John L. Thornton,http://www.crunchbase.com/person/john-l-thornton,Board of Directors,Intel,"http://a4.images.crunchbase.com/image/upload/c_pad,h_500,w_500/v1397185478/3da329a38880f46ec8c2e233afc7c92b.jpg"
John Maeda,http://www.crunchbase.com/person/john-maeda,"Board of Directors, Advisory Board",eBay,"http://a5.images.crunchbase.com/image/upload/c_pad,h_500,w_500/v1397182749/77b84e5036e9eb94f50e29b631a0ff3a.jpg"
John Seely Brown,http://www.crunchbase.com/person/john-seely-brown,Board of Directors,Amazon,"http://a3.images.crunchbase.com/image/upload/c_pad,h_500,w_500/v1397180772/f57a3a825b423708df14e38ba70e2d76.jpg"
John T. Chambers,http://www.crunchbase.com/person/john-t-chambers,Board of Directors,Cisco Systems,"http://a4.images.crunchbase.com/image/upload/c_pad,h_500,w_500/v1397185862/a5c1a3f3eb2d662e5f671120574a5778.jpg"
John W. Thompson,http://www.crunchbase.com/person/john-w-thompson,Board of Directors,Microsoft,"http://a1.images.crunchbase.com/image/upload/c_pad,h_500,w_500/v1397184839/637a70e35e3d87dda6744cb92a0ed38c.png"
John Warnock,http://www.crunchbase.com/person/john-warnock,Founder,Adobe,"http://a1.images.crunchbase.com/image/upload/c_pad,h_500,w_500/v1397182808/aa1b04d00f78812848d080fae5fe0d14.jpg"
Johnathan A. Rodgers,http://www.crunchbase.com/person/johnathan-a-rodgers,Board of Directors,Comcast,"http://a1.images.crunchbase.com/image/upload/c_pad,h_500,w_500/v1397180536/ae598e8b168f6eaa1ded8c057654fce2.jpg"
Joi Ito,http://www.crunchbase.com/person/joi-ito,"Board of Directors, Advisory Board","Sony, Twitter","http://a5.images.crunchbase.com/image/upload/c_pad,h_500,w_500/v1397180288/ed348b43eb3955195b5bf96f4db7e395.jpg"
Jon C. Madonna,http://www.crunchbase.com/person/jon-c-madonna,Board of Directors,AT&T,"http://a5.images.crunchbase.com/image/upload/c_pad,h_500,w_500/v1397188550/a1d54755b9dcb3a60e1fe0802e7040ac.jpg"
Jonathan Feinberg,http://www.crunchbase.com/person/jonathan-feinberg,Advisory Board,IBM,"http://a3.images.crunchbase.com/image/upload/c_pad,h_500,w_500/v1397181327/9e19bdb66ab4f6c825237eca9ca6f04e.jpg"
Jonathan Roberts,http://www.crunchbase.com/person/jonathan-roberts,Board of Directors,Microsoft,"http://a2.images.crunchbase.com/image/upload/c_pad,h_500,w_500/v1397184742/cf571ef38deb2ceb4b4335fbbf9aa011.png"
Joseph J. Collins,http://www.crunchbase.com/person/joseph-j-collins,Board of Directors,Comcast,"http://a1.images.crunchbase.com/image/upload/c_pad,h_500,w_500/v1397180632/493b09ef38f2039fb1ba14a4808b2882.jpg"
Joseph Neubauer,http://www.crunchbase.com/person/joseph-neubauer,Board of Directors,Verizon Communications,"http://a5.images.crunchbase.com/image/upload/c_pad,h_500,w_500/v1397181892/9d219eeb33b6ed3e9d9110602de1670f.jpg"
Jouko Karvinen,http://www.crunchbase.com/person/jouko-karvinen,Board of Directors,Nokia,"http://a4.images.crunchbase.com/image/upload/c_pad,h_500,w_500/v1397185018/7f411f1463eb062e366f916f64c0287a.jpg"
Joyce M. Roche,http://www.crunchbase.com/person/joyce-m-roche,Board of Directors,AT&T,"http://a5.images.crunchbase.com/image/upload/c_pad,h_500,w_500/v1397188547/5a16a8ded09dd274f542c419537b41f8.jpg"
Ju-Hwa Yoon,http://www.crunchbase.com/person/ju-hwa-yoon,Board of Directors,Samsung,"http://a4.images.crunchbase.com/image/upload/c_pad,h_500,w_500/v1397180345/5468a82e22bd72f853614105db431a85.gif"
Judith Rodin,http://www.crunchbase.com/person/judith-rodin,Board of Directors,Comcast,"http://a2.images.crunchbase.com/image/upload/c_pad,h_500,w_500/v1397180651/107cf9559b9b6e8827b4933d02776cc3.jpg"
Judy C. Lewent,http://www.crunchbase.com/person/judy-c-lewent,Board of Directors,Dell,"http://a5.images.crunchbase.com/image/upload/c_pad,h_500,w_500/v1397185622/fa2b9e0467bae1d0c9666b575e619174.jpg"
Justin Moore,http://www.crunchbase.com/person/justin-moore,Advisory Board,HP,"http://a1.images.crunchbase.com/image/upload/c_pad,h_500,w_500/v1397181731/9844b036db1509148de1adc663e5c3b0.jpg"
Kanwaldeep 'KD Singh Arneja,http://www.crunchbase.com/person/kanwaldeep-kd-singh-arneja,Advisory Board,IBM,"http://a1.images.crunchbase.com/image/upload/c_pad,h_500,w_500/v1397182533/3cac540e67612f82a755b11b4745643e.jpg"
Karen Dykstra,http://www.crunchbase.com/person/karen-dykstra,Board of Directors,AOL,"http://a5.images.crunchbase.com/image/upload/c_pad,h_500,w_500/v1397185829/5e6f358e7f01080904809b9965ee4502.jpg"
Karl Jacob,http://www.crunchbase.com/person/karl-jacob,Advisory Board,Facebook,"http://a1.images.crunchbase.com/image/upload/c_pad,h_500,w_500/v1398140766/fourgi8s9qek8iurnngk.png"
Kartik Raghavan,http://www.crunchbase.com/person/kartik-raghavan,Advisory Board,Microsoft,"http://a3.images.crunchbase.com/image/upload/c_pad,h_500,w_500/v1405440435/bu93iceaomcehmgbdfjj.jpg"
Kathryn A. Tesija,http://www.crunchbase.com/person/kathryn-a-tesija,Board of Directors,Verizon Communications,"http://a4.images.crunchbase.com/image/upload/c_pad,h_500,w_500/v1397181342/230a2a7ee9bac21a4c440572d1793bb6.jpg"
Kelly Barlow,http://www.crunchbase.com/person/kelly-barlow,Board of Directors,Adobe,"http://a5.images.crunchbase.com/image/upload/c_pad,h_500,w_500/v1397185435/e145c02f38cac0188014f263dc41d0ce.jpg"
Kenneth J. Bacon,http://www.crunchbase.com/person/kenneth-j-bacon,Board of Directors,Comcast,"http://a3.images.crunchbase.com/image/upload/c_pad,h_500,w_500/v1397180629/d64858cf2806898c36cac094bfc2007b.jpg"
Kenneth M. Duberstein,http://www.crunchbase.com/person/kenneth-m-duberstein,Board of Directors,Dell,"http://a1.images.crunchbase.com/image/upload/c_pad,h_500,w_500/v1397186683/2e5555c99d82cd613fdaa77a5608bc2c.jpg"
Kevin DeNuccio,http://www.crunchbase.com/person/kevin-denuccio,Board of Directors,SanDisk,"http://a1.images.crunchbase.com/image/upload/c_pad,h_500,w_500/v1397183269/0098f45d0f7bf152511ef61755acb49e.jpg"
Klaus S. Luft,http://www.crunchbase.com/person/klaus-s-luft,Board of Directors,Dell,"http://a5.images.crunchbase.com/image/upload/c_pad,h_500,w_500/v1397186686/3dba8334278800f114b1eb18cde4047e.jpg"
Konstantin Guericke,http://www.crunchbase.com/person/konstantin-guericke,Founder,LinkedIn,"http://a3.images.crunchbase.com/image/upload/c_pad,h_500,w_500/v1397180680/fe5613b95a5f531759391f389ac117d7.jpg"
Kristina M. Johnson,http://www.crunchbase.com/person/kristina-m-johnson,Board of Directors,Cisco Systems,"http://a1.images.crunchbase.com/image/upload/c_pad,h_500,w_500/v1397187247/1583223e20004e446f39f4c5cb17637e.jpg"
Larry Ellison,http://www.crunchbase.com/person/larry-ellison,Founder,Oracle,"http://a4.images.crunchbase.com/image/upload/c_pad,h_500,w_500/v1397183762/f62081c1a5a38c28b1559cb66e2a9c41.jpg"
Larry Page,http://www.crunchbase.com/person/larry-page,Founder,Google,"http://a1.images.crunchbase.com/image/upload/c_pad,h_500,w_500/v1397180974/2b44733d037d6e968a8397535affbacd.jpg"
Larry R. Carter,http://www.crunchbase.com/person/larry-r-carter,Board of Directors,Cisco Systems,"http://a1.images.crunchbase.com/image/upload/c_pad,h_500,w_500/v1397187237/7184f33e5dad68e4aa5b48568b513fc2.jpg"
Laura Conigliaro,http://www.crunchbase.com/person/laura-conigliaro,Board of Directors,Dell,"http://a4.images.crunchbase.com/image/upload/c_pad,h_500,w_500/v1397185850/62006aaf96325100f73f58a408f14653.jpg"
Laura Desmond,http://www.crunchbase.com/person/laura-desmond,Board of Directors,Adobe,"http://a5.images.crunchbase.com/image/upload/c_pad,h_500,w_500/v1397181449/e1a4a65c3a0deb616598640445a6f287.png"
Laura Tyson,http://www.crunchbase.com/person/laura-tyson,Board of Directors,AT&T,"http://a5.images.crunchbase.com/image/upload/c_pad,h_500,w_500/v1397185988/d86a5acdd54089bc8dbc0d46fbdf59f9.png"
Maggie Wilderotter,http://www.crunchbase.com/person/maggie-wilderotter,Board of Directors,Yahoo,"http://a5.images.crunchbase.com/image/upload/c_pad,h_500,w_500/v1397184103/e597ed3fdd8afe6f00da94b2389eab24.jpg"
Maor David-Pur,http://www.crunchbase.com/person/maor-david-pur,Advisory Board,Microsoft,"http://a4.images.crunchbase.com/image/upload/c_pad,h_500,w_500/v1397632471/7f2dc1e1c03cb0373c4398c0a25df769.png"
Marc Andreessen,http://www.crunchbase.com/person/marc-andreessen,Board of Directors,"eBay, Facebook, HP","http://a1.images.crunchbase.com/image/upload/c_pad,h_500,w_500/v1398196426/a8yzw5xnrry3bxwqsbcn.jpg"
Marc Benioff,http://www.crunchbase.com/person/marc-benioff,"Board of Directors, Founder","Cisco Systems, Salesforce","http://a4.images.crunchbase.com/image/upload/c_pad,h_500,w_500/v1408653922/wq3kmhdv0e66anf9vfr8.jpg"
Marc Seriff,http://www.crunchbase.com/person/marc-seriff,Founder,AOL,"http://a4.images.crunchbase.com/image/upload/c_pad,h_500,w_500/v1397183433/9c424624ec5a1aba4ab1b9d67ea3f8bd.png"
Maria M. Klawe,http://www.crunchbase.com/person/maria-m-klawe,Board of Directors,Microsoft,"http://a5.images.crunchbase.com/image/upload/c_pad,h_500,w_500/v1397180891/58231aa11bbd71625fd053e69fbf761a.jpg"
Marjorie Scardino,http://www.crunchbase.com/person/marjorie-scardino,Board of Directors,Twitter,"http://a4.images.crunchbase.com/image/upload/c_pad,h_500,w_500/v1397185098/ae3c92225b6b6d6c2efaa575d9c023e1.jpg"
Mark Bailey,http://www.crunchbase.com/person/mark-bailey,Board of Directors,Twitter,"http://a2.images.crunchbase.com/image/upload/c_pad,h_500,w_500/v1399479612/hxqyxfnounrryqwokcc1.png"
Mark Kvamme,http://www.crunchbase.com/person/mark-kvamme,Board of Directors,LinkedIn,"http://a5.images.crunchbase.com/image/upload/c_pad,h_500,w_500/v1398125570/lqudehumkpwnzsfmd0bw.png"
Mark Zuckerberg,http://www.crunchbase.com/person/mark-zuckerberg,Founder,Facebook,"http://a4.images.crunchbase.com/image/upload/c_pad,h_500,w_500/v1397180230/2338e096e24c44d60976f1bb30510301.jpg"
Marshall Turner,http://www.crunchbase.com/person/marshall-turner,Board of Directors,Intel,"http://a5.images.crunchbase.com/image/upload/c_pad,h_500,w_500/v1397188496/8fb3290cc85017089e6b7843c79ccb71.jpg"
Mårten Mickos,http://www.crunchbase.com/person/marten-mickos,Board of Directors,Nokia,"http://a2.images.crunchbase.com/image/upload/c_pad,h_500,w_500/v1398406980/ijgxgzhmnqob4cuqypg6.jpg"
Martha Frances Keeth,http://www.crunchbase.com/person/martha-frances-keeth,Board of Directors,Verizon Communications,"http://a5.images.crunchbase.com/image/upload/c_pad,h_500,w_500/v1397181239/0795cb62db9a370e0387f4e335fcc454.jpg"
Matthew K. Rose,http://www.crunchbase.com/person/matthew-k-rose,Board of Directors,AT&T,"http://a1.images.crunchbase.com/image/upload/c_pad,h_500,w_500/v1397188549/a18a75dfa4d577dda85a53850635fda8.jpg"
Maynard Webb,http://www.crunchbase.com/person/maynard-webb,Board of Directors,"Salesforce, Yahoo","http://a5.images.crunchbase.com/image/upload/c_pad,h_500,w_500/v1397183659/cf1e644596a2362c91594f14c40cefe0.jpg"
Melanie L. Healey,http://www.crunchbase.com/person/melanie-l-healey,Board of Directors,Verizon Communications,"http://a3.images.crunchbase.com/image/upload/c_pad,h_500,w_500/v1397187581/d24a04fc89a7f5e7b042eec250bb658c.jpg"
Mercedes Johnson,http://www.crunchbase.com/person/mercedes-johnson,Board of Directors,Juniper Networks,
Michael B. McCallister,http://www.crunchbase.com/person/michael-b-mccallister,Board of Directors,AT&T,"http://a1.images.crunchbase.com/image/upload/c_pad,h_500,w_500/v1397188545/4944a75e3c09b4304adabaa8f0568424.jpg"
Michael Brown,http://www.crunchbase.com/person/michael-brown-2,Board of Directors,Symantec,"http://a3.images.crunchbase.com/image/upload/c_pad,h_500,w_500/v1397184256/683befe8e9bb27c808a2fbf759c1806e.jpg"
Michael Capellas,http://www.crunchbase.com/person/michael-capellas,Board of Directors,"Cisco Systems, EMC","http://a2.images.crunchbase.com/image/upload/c_pad,h_500,w_500/v1397187234/e784a2d111cca80de6e4fafb8ffe244e.jpg"
Michael Dell,http://www.crunchbase.com/person/michael-dell,Founder,Dell,"http://a3.images.crunchbase.com/image/upload/c_pad,h_500,w_500/v1398369476/nh1s8r8fb7ydprxrmldh.png"
Michael Frankel,http://www.crunchbase.com/person/michael-frankel,Board of Directors,Cisco Systems,"http://a2.images.crunchbase.com/image/upload/c_pad,h_500,w_500/v1407924125/nwpwbgalq8muvzi6stwe.png"
Michael Howse,http://www.crunchbase.com/person/michael-howse,Advisory Board,Qualcomm,"http://a5.images.crunchbase.com/image/upload/c_pad,h_500,w_500/v1398704411/ykt9tdmezqxpiruwe51j.jpg"
Michael Moritz,http://www.crunchbase.com/person/michael-moritz,Board of Directors,"Google, LinkedIn, Yahoo","http://a1.images.crunchbase.com/image/upload/c_pad,h_500,w_500/v1397182287/729a87406a159cfb17e24880c63c8151.jpg"
Michael Powell,http://www.crunchbase.com/person/michael-powell-2,Board of Directors,AOL,"http://a1.images.crunchbase.com/image/upload/c_pad,h_500,w_500/v1397185830/e47d1a4772c51a363820b3a28d5053cd.jpg"
Michael Psarouthakis,http://www.crunchbase.com/person/michael-psarouthakis,Advisory Board,eBay,"http://a3.images.crunchbase.com/image/upload/c_pad,h_500,w_500/v1397184590/fa180bc86f5747948f226972b348fb24.jpg"
Michael R. Cannon,http://www.crunchbase.com/person/michael-r-cannon,Board of Directors,Adobe,"http://a3.images.crunchbase.com/image/upload/c_pad,h_500,w_500/v1397183974/c4c8af3e1d00ec909fe4920f2624518b.jpg"
Michael Tanne,http://www.crunchbase.com/person/michael-tanne,Advisory Board,LinkedIn,"http://a2.images.crunchbase.com/image/upload/c_pad,h_500,w_500/v1397180583/e1250bd9e7a7783194c519c5c8423d7a.jpg"
Michel Combes,http://www.crunchbase.com/person/michel-combes,Board of Directors,Vodafone,"http://a2.images.crunchbase.com/image/upload/c_pad,h_500,w_500/v1397186201/a05aa382b8310d6e99b4ef704a8c3d00.jpg"
Michele Burns,http://www.crunchbase.com/person/michele-burns,Board of Directors,Comcast,"http://a4.images.crunchbase.com/image/upload/c_pad,h_500,w_500/v1397187224/c1ef5f5da1322d03745d32ae936e25e5.jpg"
Mike Lazaridis,http://www.crunchbase.com/person/mike-lazaridis,Founder,BlackBerry,"http://a1.images.crunchbase.com/image/upload/c_pad,h_500,w_500/v1397184223/b9a8bde2c577f0171dca06f676ab3452.jpg"
Mike McCue,http://www.crunchbase.com/person/mike-mccue,Board of Directors,Twitter,"http://a3.images.crunchbase.com/image/upload/c_pad,h_500,w_500/v1398413541/hxkldk6f2p4uda6vkarr.jpg"
Miles Gilburne,http://www.crunchbase.com/person/miles-gilbourne,Board of Directors,AOL,
Millard Drexler,http://www.crunchbase.com/person/millard-drexler,Board of Directors,Apple,"http://a5.images.crunchbase.com/image/upload/c_pad,h_500,w_500/v1397183284/85b7787c23b77456e4d0956b8003344c.jpg"
Misty Locke,http://www.crunchbase.com/person/misty-locke,Advisory Board,"Google, Yahoo","http://a3.images.crunchbase.com/image/upload/c_pad,h_500,w_500/v1397184736/a9c914d9967b5b5cf2d02c391dbcb2f7.jpg"
Myrtle S. Potter,http://www.crunchbase.com/person/myrtle-s-potter,Board of Directors,Amazon,"http://a2.images.crunchbase.com/image/upload/c_pad,h_500,w_500/v1397180971/435f671213d3d9f69f05fac67f081565.png"
Shiva Shivakumar,http://www.crunchbase.com/person/n-shivakumar,Advisory Board,Twitter,"http://a4.images.crunchbase.com/image/upload/c_pad,h_500,w_500/v1397633530/47fa69c6f9510a95be80afc1d771f75d.jpg"
Nanea Reeves,http://www.crunchbase.com/person/nanea-reeves,Advisory Board,Teradata,"http://a1.images.crunchbase.com/image/upload/c_pad,h_500,w_500/v1397182577/55f1b424e4f9422044a1efd2203ec624.jpg"
Naomi O. Seligman,http://www.crunchbase.com/person/naomi-o-seligman,Board of Directors,Oracle,
Nathen Harvey,http://www.crunchbase.com/person/nathen-harvey,Advisory Board,AT&T,
Nick Ashton-Hart,http://www.crunchbase.com/person/nick-ashton-hart,Advisory Board,Google,
Nigel Vaz,http://www.crunchbase.com/person/nigel-vaz,Advisory Board,"AT&T, Vodafone","http://a4.images.crunchbase.com/image/upload/c_pad,h_500,w_500/v1397180890/556a8fd8db1a5dfa12e5b6783048090a.jpg"
Nitin Suri,http://www.crunchbase.com/person/nitin-suri,Advisory Board,EMC,
Noah Glass,http://www.crunchbase.com/person/noah-glass-3,Founder,Twitter,"http://a5.images.crunchbase.com/image/upload/c_pad,h_500,w_500/v1397185147/661af9e9283cb386343ba610933867b2.jpg"
Norm Fjeldheim,http://www.crunchbase.com/person/norm-fjeldheim,Advisory Board,Oracle,"http://a5.images.crunchbase.com/image/upload/c_pad,h_500,w_500/v1397187402/5fe11111aa373756e55db717702ce1f8.jpg"
OB Bilous,http://www.crunchbase.com/person/ob-bilous,Board of Directors,IBM,
Oliver Tavakoli,http://www.crunchbase.com/person/oliver-tavakoli,Advisory Board,IBM,"http://a2.images.crunchbase.com/image/upload/c_pad,h_500,w_500/v1397186847/b07715c2f29630f04e131e4689ea36d2.jpg"
Parker Harris,http://www.crunchbase.com/person/parker-harris,Founder,Salesforce,"http://a1.images.crunchbase.com/image/upload/c_pad,h_500,w_500/v1397183757/9121c57046e76aca513169bfec09b7e9.jpg"
Patricia F. Russo,http://www.crunchbase.com/person/patricia-f-russo,Board of Directors,HP,"http://a2.images.crunchbase.com/image/upload/c_pad,h_500,w_500/v1397184976/55e1a907234e430a72122135b8c501bb.png"
Patricia Q. Stonesifer,http://www.crunchbase.com/person/patricia-q-stonesifer,Board of Directors,Amazon,"http://a5.images.crunchbase.com/image/upload/c_pad,h_500,w_500/v1397180971/dd05d9313a1b982bf4a9ec691b5af6ff.jpg"
Paul Allen,http://www.crunchbase.com/person/paul-allen,Founder,Microsoft,"http://a3.images.crunchbase.com/image/upload/c_pad,h_500,w_500/v1397180579/763f4412fd435db2f9e834c8a9afb400.jpg"
Paul Guerin,http://www.crunchbase.com/person/paul-guerin,Advisory Board,IBM,"http://a4.images.crunchbase.com/image/upload/c_pad,h_500,w_500/v1397185673/e464542a68ba14caffd6b9f239ceb74a.jpg"
Paul J. Ferri,http://www.crunchbase.com/person/paul-j-ferri,Board of Directors,Apple,"http://a3.images.crunchbase.com/image/upload/c_pad,h_500,w_500/v1397187427/06a0f9ee01981619b5017ca9f228799d.jpg"
Paul Madera,http://www.crunchbase.com/person/paul-madera,Board Observer,Facebook,"http://a1.images.crunchbase.com/image/upload/c_pad,h_500,w_500/v1397181465/e07953bb25d2e015b17aad6d4f905bbb.jpg"
Paul S. Otellini,http://www.crunchbase.com/person/paul-s-otellini,Board of Directors,Google,"http://a3.images.crunchbase.com/image/upload/c_pad,h_500,w_500/v1397182672/36214442f5b5a981d6b5f1b33bf8e62b.jpg"
Paul Sciarra,http://www.crunchbase.com/person/paul-sciarra,Founder,Pinterest,"http://a2.images.crunchbase.com/image/upload/c_pad,h_500,w_500/v1397181814/a9aab2d5eb687dcb6e822e6d8e1b5c60.jpg"
Per Karlsson,http://www.crunchbase.com/person/per-karlsson,Board of Directors,Nokia,
Peter Bamford,http://www.crunchbase.com/person/peter-bamford,Board of Directors,Vodafone,"http://a1.images.crunchbase.com/image/upload/c_pad,h_500,w_500/v1397181884/e8e2d6311125722a97d134d6ec0fbca7.jpg"
Peter Chernin,http://www.crunchbase.com/person/peter-chernin,Board of Directors,Twitter,"http://a2.images.crunchbase.com/image/upload/c_pad,h_500,w_500/v1397180567/ac3fec8bfc89a5e36739dd19d284b39f.jpg"
Peter Currie,http://www.crunchbase.com/person/peter-currie,Board of Directors,Twitter,"http://a3.images.crunchbase.com/image/upload/c_pad,h_500,w_500/v1398456201/dyqngp0tqdvmsvuisnhb.jpg"
Peter Liguori,http://www.crunchbase.com/person/peter-liguori,Board of Directors,Yahoo,"http://a1.images.crunchbase.com/image/upload/c_pad,h_500,w_500/v1397186096/f7a865f51c767f83b93a74b17a1d888d.jpg"
Peter Thiel,http://www.crunchbase.com/person/peter-thiel,Board of Directors,Facebook,"http://a4.images.crunchbase.com/image/upload/c_pad,h_500,w_500/v1402335076/um7uxei10oibpiir46ku.jpg"
Philippe Germond,http://www.crunchbase.com/person/philippe-germond,Board of Directors,HP,"http://a4.images.crunchbase.com/image/upload/c_pad,h_500,w_500/v1397181608/5004e75f173c2690ceff2655bee871ce.jpg"
Pierre Omidyar,http://www.crunchbase.com/person/pierre-omidyar,Founder,eBay,"http://a4.images.crunchbase.com/image/upload/c_pad,h_500,w_500/v1397180264/ca75880b6e7a40b0a5e872a7968731eb.jpg"
Pradeep Sindhu,http://www.crunchbase.com/person/pradeep-sindhu-2,Founder,Juniper Networks,"http://a5.images.crunchbase.com/image/upload/c_pad,h_500,w_500/v1397185430/de983eda56f4f05f59fb551a1c68b8b2.jpg"
Prem Watsa,http://www.crunchbase.com/person/prem-watsa,Board of Directors,BlackBerry,
Priya Haji,http://www.crunchbase.com/person/priya-haji,Advisory Board,eBay,"http://a2.images.crunchbase.com/image/upload/c_pad,h_500,w_500/v1397181698/d0b82e2be8dd8a1ce669ca6c16434aac.jpg"
Raj L Gupta,http://www.crunchbase.com/person/raj-l-gupta,Board of Directors,HP,"http://a4.images.crunchbase.com/image/upload/c_pad,h_500,w_500/v1397633181/57ea59278794e4bf48d714993a902d8b.png"
Raj Parekh,http://www.crunchbase.com/person/raj-parekh-2,Advisory Board,SAP,"http://a1.images.crunchbase.com/image/upload/c_pad,h_500,w_500/v1397185078/25199872ae68e91b15a5e34cfafb0bb6.png"
Rajiv L. Gupta,http://www.crunchbase.com/person/rajiv-l-gupta,Board of Directors,HP,"http://a5.images.crunchbase.com/image/upload/c_pad,h_500,w_500/v1397184961/48a4121b45e3793879bb76197202f176.jpg"
Ralph V. Whitworth,http://www.crunchbase.com/person/ralph-v-whitworth,Board of Directors,HP,"http://a2.images.crunchbase.com/image/upload/c_pad,h_500,w_500/v1397184979/3076be338f47a9232c6ae0623b9eeb2d.jpg"
Ram Shriram,http://www.crunchbase.com/person/ram-shriram,Board of Directors,Google,"http://a2.images.crunchbase.com/image/upload/c_pad,h_500,w_500/v1397180505/5c6bbe5498cc36b10fc127ca73ccae45.jpg"
Ramzy Abdul-Majeed,http://www.crunchbase.com/person/ramzy-abdul-majeed,Advisory Board,BlackBerry,
Randy Adams,http://www.crunchbase.com/person/randy-adams,Board of Directors,Yahoo,"http://a2.images.crunchbase.com/image/upload/c_pad,h_500,w_500/v1397182993/85f90d325e8c84c6c8fefd568ae15b5c.jpg"
Randy Glein,http://www.crunchbase.com/person/randy-glein,Board of Directors,Twitter,"http://a4.images.crunchbase.com/image/upload/c_pad,h_500,w_500/v1397183762/7a7aab3a69ba61de062810b205206d66.jpg"
Ravi Srivatsav,http://www.crunchbase.com/person/ravi-srivatsav-krishnamurthy,Advisory Board,IBM,"http://a3.images.crunchbase.com/image/upload/c_pad,h_500,w_500/v1397184022/e8c1651e73891c5b7bb653b1c23ab0e7.jpg"
Raymond J. Lane,http://www.crunchbase.com/person/raymond-j-lane,Board of Directors,HP,"http://a5.images.crunchbase.com/image/upload/c_pad,h_500,w_500/v1397184968/217a4365e54aaa5c151d80fd48ec532b.jpg"
Reid Hoffman,http://www.crunchbase.com/person/reid-hoffman,Founder,LinkedIn,"http://a4.images.crunchbase.com/image/upload/c_pad,h_500,w_500/v1397180526/e5f093141d6f9dd1da2f46f39fea5a26.jpg"
Reuben V. Anderson,http://www.crunchbase.com/person/reuben-v-anderson,Board of Directors,AT&T,"http://a2.images.crunchbase.com/image/upload/c_pad,h_500,w_500/v1397188546/e904398228c32abf804ad923e12d5716.jpg"
Rich Warwick,http://www.crunchbase.com/person/rich-warwick,Advisory Board,IBM,"http://a4.images.crunchbase.com/image/upload/c_pad,h_500,w_500/v1397186535/5ce36ba25f52c68935af6e93191654ed.jpg"
Richard L. Carrion,http://www.crunchbase.com/person/richard-l-carrion,Board of Directors,Verizon Communications,"http://a4.images.crunchbase.com/image/upload/c_pad,h_500,w_500/v1397187580/09d3f891994872abe6037b06bb9a01e4.jpg"
Richard Lynch,http://www.crunchbase.com/person/richard-lynch,Board of Directors,BlackBerry,
Richard M. Kovacevich,http://www.crunchbase.com/person/richard-m-kovacevich,Board of Directors,Cisco Systems,"http://a4.images.crunchbase.com/image/upload/c_pad,h_500,w_500/v1397187249/4abb5d3549f97a25cdbb82552b136998.jpg"
Rick Bortles,http://www.crunchbase.com/person/rick-bortles,Advisory Board,Intel,"http://a3.images.crunchbase.com/image/upload/c_pad,h_500,w_500/v1397186123/453e734a91489bd6983a6a734d066f7c.jpg"
Rob Burgess,http://www.crunchbase.com/person/rob-burgess,Board of Directors,Adobe,
Robert A. Iger,http://www.crunchbase.com/person/robert-a-iger,Board of Directors,Apple,"http://a1.images.crunchbase.com/image/upload/c_pad,h_500,w_500/v1397185908/62bc249bbddee74a9544e16698215d18.jpg"
Robert Burgess,http://www.crunchbase.com/person/robert-burgess-2,Board of Directors,Adobe,"http://a4.images.crunchbase.com/image/upload/c_pad,h_500,w_500/v1397185439/7060813cdb42dcf1e13943f95afb1a55.jpg"
Robert Kotick,http://www.crunchbase.com/person/robert-kotick,Board of Directors,Yahoo,"http://a4.images.crunchbase.com/image/upload/c_pad,h_500,w_500/v1397184100/6a4389446fc01e1029f25cf00b84ce5f.jpg"
Robert S. Miller,http://www.crunchbase.com/person/robert-s-miller,Board of Directors,Symantec,"http://a5.images.crunchbase.com/image/upload/c_pad,h_500,w_500/v1397180273/81202ca940d38ca20e59d96be38c1d7a.jpg"
Robert Sedgewick,http://www.crunchbase.com/person/robert-sedgewick,Board of Directors,Adobe,"http://a3.images.crunchbase.com/image/upload/c_pad,h_500,w_500/v1397185455/a72600d1f33b114191ca8bb08021507c.jpg"
Robert W. Lane,http://www.crunchbase.com/person/robert-w-lane,Board of Directors,Verizon Communications,"http://a5.images.crunchbase.com/image/upload/c_pad,h_500,w_500/v1397186649/e4dd38445523eca10329700b05f78e69.jpg"
Roderick C. McGeary,http://www.crunchbase.com/person/roderick-c-mcgeary,Board of Directors,Cisco Systems,"http://a3.images.crunchbase.com/image/upload/c_pad,h_500,w_500/v1397187252/4011e3a0f872f3f2853787775b577df9.jpg"
Rodney E. Slater,http://www.crunchbase.com/person/rodney-e-slater,Board of Directors,Verizon Communications,"http://a5.images.crunchbase.com/image/upload/c_pad,h_500,w_500/v1397187657/8d86f673c2702e2fbce4f1b50776d9ae.jpg"
Roger Jiang,http://www.crunchbase.com/person/roger-jiang,Board of Directors,"Microsoft, SAP","http://a3.images.crunchbase.com/image/upload/c_pad,h_500,w_500/v1397181122/9e96a9113e53edaaff6cc060f5b5f199.jpg"
Rohan Chandrashekhar,http://www.crunchbase.com/person/rohan-chandrashekhar,Advisory Board,AT&T,"http://a3.images.crunchbase.com/image/upload/c_pad,h_500,w_500/v1397181432/e2f5d62e0b56bc1253878e38ebb88a7a.jpg"
Ron Anderson,http://www.crunchbase.com/person/ron-anderson,Advisory Board,EMC,"http://a2.images.crunchbase.com/image/upload/c_pad,h_500,w_500/v1397181454/9a2f5735db53ed4e895369ec6e3b2020.png"
Ron Burkle,http://www.crunchbase.com/person/ron-burkle,Board of Directors,Yahoo,"http://a3.images.crunchbase.com/image/upload/c_pad,h_500,w_500/v1397184099/5e29d8ff841d02b231ec23780fad7201.jpg"
Ronald D. Sugar,http://www.crunchbase.com/person/ronald-d-sugar,Board of Directors,Apple,"http://a4.images.crunchbase.com/image/upload/c_pad,h_500,w_500/v1397184439/028b2f6b95870918ab34fa97f9979051.jpg"
Ronald F.E. Weissman,http://www.crunchbase.com/person/ronald-f-e-weissman,Advisory Board,"Apple, IBM, Microsoft",
Ross Perot Jr.,http://www.crunchbase.com/person/ross-perot-jr,Board of Directors,Dell,"http://a1.images.crunchbase.com/image/upload/c_pad,h_500,w_500/v1397185241/5582806ec5fea2a77403fa132f419b1f.jpg"
Roy Bostock,http://www.crunchbase.com/person/roy-bostock,Board of Directors,Yahoo,"http://a5.images.crunchbase.com/image/upload/c_pad,h_500,w_500/v1397184094/f3d6540ee78037d1aa031d62df1badc4.jpg"
Russell M. Artzt,http://www.crunchbase.com/person/russell-m-artzt,Founder,CA Technologies,"http://a1.images.crunchbase.com/image/upload/c_pad,h_500,w_500/v1397186886/e7acec6f587257b7f9c6f7cfc431cc25.jpg"
S. Decker Anstrom,http://www.crunchbase.com/person/s-decker-anstrom,Board of Directors,Comcast,"http://a4.images.crunchbase.com/image/upload/c_pad,h_500,w_500/v1397189302/7e10c224ca088f7e7adac9eb99cd91ca.png"
Sam Pullara,http://www.crunchbase.com/person/sam-pullara,Advisory Board,Twitter,"http://a5.images.crunchbase.com/image/upload/c_pad,h_500,w_500/v1397187004/2ddc09ce3f46b1fd619c229ec726f229.png"
Sandra O. Moose,http://www.crunchbase.com/person/sandra-o-moose,Board of Directors,Verizon Communications,"http://a1.images.crunchbase.com/image/upload/c_pad,h_500,w_500/v1397187582/e01434c734dcd7817aa58ae47c2d22b3.jpg"
Sanford R. Robertson,http://www.crunchbase.com/person/sanford-r-robertson,Board of Directors,"Dropbox, Salesforce","http://a4.images.crunchbase.com/image/upload/c_pad,h_500,w_500/v1397185873/b7ed1fdee9dbbd3043afc9f69620bd4e.jpg"
Scott Belsky,http://www.crunchbase.com/person/scott-belsky,Advisory Board,Pinterest,"http://a5.images.crunchbase.com/image/upload/c_pad,h_500,w_500/v1397181126/2f0a206fce5fdd6c997d611ecf8318f4.png"
Scott Cook,http://www.crunchbase.com/person/scott-cook,Board of Directors,eBay,"http://a4.images.crunchbase.com/image/upload/c_pad,h_500,w_500/v1397185385/bc48d989318725f81e3e2ca2d2239111.jpg"
Scott Gorton,http://www.crunchbase.com/person/scott-gorton,Advisory Board,IBM,"http://a3.images.crunchbase.com/image/upload/c_pad,h_500,w_500/v1397183856/1d35e16a0e8994987dca7c234a452831.jpg"
Scott Marshall,http://www.crunchbase.com/person/scott-marshall-2,Board of Directors,Nokia,
Scott Sandell,http://www.crunchbase.com/person/scott-sandell,Board of Directors,Salesforce,"http://a5.images.crunchbase.com/image/upload/c_pad,h_500,w_500/v1397181928/709102b350d742d7fd89cdc982cf1a9c.jpg"
Sean Ellis,http://www.crunchbase.com/person/sean-ellis,Advisory Board,Dropbox,"http://a3.images.crunchbase.com/image/upload/c_pad,h_500,w_500/v1397185868/88dda14eb5341bd18441e8d5dd33bf5a.jpg"
Sergey Brin,http://www.crunchbase.com/person/sergey-brin,Founder,Google,"http://a1.images.crunchbase.com/image/upload/c_pad,h_500,w_500/v1398210031/rufnnyjsabvdbdbxvj3h.jpg"
Shantanu Narayen,http://www.crunchbase.com/person/shantanu-narayen,Board of Directors,Dell,"http://a3.images.crunchbase.com/image/upload/c_pad,h_500,w_500/v1397182807/f849269c8ff647ee1c5d4f9faa63d775.jpg"
Sheldon M. Bonovitz,http://www.crunchbase.com/person/sheldon-m-bonovitz,Board of Directors,Comcast,"http://a4.images.crunchbase.com/image/upload/c_pad,h_500,w_500/v1397180630/542069b69288e8e1877057143feb96f3.jpg"
Shellye Archambeau,http://www.crunchbase.com/person/shellye-archambeau,Board of Directors,Verizon Communications,"http://a4.images.crunchbase.com/image/upload/c_pad,h_500,w_500/v1397181855/afe10a2dd1ba0ae12023450abf8928fc.jpg"
Sherry Coutu,http://www.crunchbase.com/person/sherry-coutu,Advisory Board,LinkedIn,"http://a2.images.crunchbase.com/image/upload/c_pad,h_500,w_500/v1397183852/fc6e454b44d50530580d4bcc44cc0674.jpg"
Shirley M. Tilghman,http://www.crunchbase.com/person/shirley-m-tilghman,Board of Directors,Google,
Shumeet Banerji,http://www.crunchbase.com/person/shumeet-banerji,Board of Directors,HP,"http://a4.images.crunchbase.com/image/upload/c_pad,h_500,w_500/v1397184584/b532cd659e7f1eca6817adb7f79cf044.jpg"
Skip Battle,http://www.crunchbase.com/person/skip-battle,Board of Directors,LinkedIn,"http://a5.images.crunchbase.com/image/upload/c_pad,h_500,w_500/v1397181885/094788b69778f8bf5bbb08be779fa611.png"
Stan Meresman,http://www.crunchbase.com/person/stan-meresman,Board of Directors,LinkedIn,"http://a3.images.crunchbase.com/image/upload/c_pad,h_500,w_500/v1397180503/b9590ab77bbde943347ccf896461a10c.jpg"
Stephen J. Luczo,http://www.crunchbase.com/person/stephen-j-luczo,Board of Directors,Microsoft,"http://a2.images.crunchbase.com/image/upload/c_pad,h_500,w_500/v1397180247/9f9391155546b61bb406b01ea69d371b.jpg"
Stephen N. David,http://www.crunchbase.com/person/stephen-n-david,Advisory Board,HP,"http://a4.images.crunchbase.com/image/upload/c_pad,h_500,w_500/v1397185887/99aaeb8c22eb2ea89bf9304f8fe0ce0f.png"
Steve Case,http://www.crunchbase.com/person/steve-case,Founder,AOL,"http://a5.images.crunchbase.com/image/upload/c_pad,h_500,w_500/v1397181587/83459e129a5e4b5d78fb4868372580ee.jpg"
Steve Gomo,http://www.crunchbase.com/person/steve-gomo,Board of Directors,SanDisk,
Steve Jobs,http://www.crunchbase.com/person/steve-jobs,Founder,Apple,"http://a5.images.crunchbase.com/image/upload/c_pad,h_500,w_500/v1397181933/55c307936d65d45ecb58e30303d9054e.jpg"
Steve Millard,http://www.crunchbase.com/person/steve-millard,Advisory Board,IBM,"http://a5.images.crunchbase.com/image/upload/c_pad,h_500,w_500/v1397188531/149bf29455a3bbefc0e8a441393283ea.png"
Steve Wozniak,http://www.crunchbase.com/person/steve-wozniak,Founder,Apple,"http://a5.images.crunchbase.com/image/upload/c_pad,h_500,w_500/v1397182420/f2644a43c3bc1d816ef1bcd625040c57.jpg"
Steven M. West,http://www.crunchbase.com/person/steven-m-west,Board of Directors,Cisco Systems,"http://a3.images.crunchbase.com/image/upload/c_pad,h_500,w_500/v1397187088/3347361ceb616a416dee6257461bfd76.jpg"
Sue James,http://www.crunchbase.com/person/sue-james,Board of Directors,Yahoo,"http://a4.images.crunchbase.com/image/upload/c_pad,h_500,w_500/v1397180233/d529c2ab9febd39182d077c2835c1d98.jpg"
Susan Hockfield,http://www.crunchbase.com/person/susan-hockfield,Board of Directors,Qualcomm,"http://a5.images.crunchbase.com/image/upload/c_pad,h_500,w_500/v1397188508/3e5705c55fa1ec728158231f52b7168c.jpg"
Susan L. Decker,http://www.crunchbase.com/person/susan-l-decker,Board of Directors,Intel,"http://a3.images.crunchbase.com/image/upload/c_pad,h_500,w_500/v1397186257/212e348d73d5d8ff3ff71552664155a9.jpg"
Susan Lyne,http://www.crunchbase.com/person/susan-lyne,Board of Directors,AOL,"http://a4.images.crunchbase.com/image/upload/c_pad,h_500,w_500/v1401762305/bpcvsd0rbkndvltiwxoe.jpg"
Susan M. James,http://www.crunchbase.com/person/susan-m-james,Board of Directors,Yahoo,
Suzanne M. Vautrinot,http://www.crunchbase.com/person/suzanne-m-vautrinot,Board of Directors,Symantec,"http://a4.images.crunchbase.com/image/upload/c_pad,h_500,w_500/v1397184291/0f746edd52d52c2c223a7b6b588c08ac.jpg"
Terry Semel,http://www.crunchbase.com/person/terry-semel,Advisory Board,Yahoo,"http://a4.images.crunchbase.com/image/upload/c_pad,h_500,w_500/v1397182972/b803590957ace8dea6cbb9531ec4ba67.png"
Thomas J. Watson,http://www.crunchbase.com/person/thomas-j-watson,Founder,IBM,"http://a3.images.crunchbase.com/image/upload/c_pad,h_500,w_500/v1408171839/q7dlvzvjxbktprgk52so.jpg"
Thomas O. Ryder,http://www.crunchbase.com/person/thomas-o-ryder,Board of Directors,Amazon,"http://a5.images.crunchbase.com/image/upload/c_pad,h_500,w_500/v1398457715/i2h7fzxazu6bkfx1lbcw.jpg"
Tim Guleri,http://www.crunchbase.com/person/tim-guleri,Board of Directors,EMC,"http://a3.images.crunchbase.com/image/upload/c_pad,h_500,w_500/v1397188876/3cd2775a221d0f687e20a92dfc0e43a8.jpg"
Timothy Dattels,http://www.crunchbase.com/person/timothy-dattels,Board of Directors,BlackBerry,
Tod Nielsen,http://www.crunchbase.com/person/tod-nielsen,Board of Directors,Microsoft,
Tom Alberg,http://www.crunchbase.com/person/tom-alberg,Board of Directors,Amazon,"http://a3.images.crunchbase.com/image/upload/c_pad,h_500,w_500/v1397180969/44f96b6f8022b2fad2f81551ee77a91d.jpg"
Tom Albert,http://www.crunchbase.com/person/tom-albert,Advisory Board,Cisco Systems,"http://a2.images.crunchbase.com/image/upload/c_pad,h_500,w_500/v1397188891/52acc3e0e891012ccb83154932a488f6.jpg"
Tom Perkins,http://www.crunchbase.com/person/tom-perkins,Board of Directors,"HP, Symantec","http://a1.images.crunchbase.com/image/upload/c_pad,h_500,w_500/v1397184700/98e996e843339cc7374ad5756bcb64c9.jpg"
Vyomesh Joshi,http://www.crunchbase.com/person/vyomesh-joshi,Board of Directors,Yahoo,"http://a4.images.crunchbase.com/image/upload/c_pad,h_500,w_500/v1397184099/1bc75809cf3da16efc4831d5e4c9292e.jpg"
Will Headapohl,http://www.crunchbase.com/person/will-headapohl,Advisory Board,Qualcomm,"http://a2.images.crunchbase.com/image/upload/c_pad,h_500,w_500/v1397183228/25bdf18f0393219cc20d16d9766a41b7.png"
Julian A. Brodsky,,Founder,Comcast,http://corporate.comcast.com/images/julian-brodsky-headshot-470x264.jpg
Daniel Aaron,,Founder,Comcast,http://www.ilctr.org/wp-content/uploads/2012/01/dan-aaron-small.jpg
Edward Rex,,Founder,Comcast,
Jack Yuan,,Founder,SanDisk,http://www.sandisk.com/assets/umbraco/aboutsandisk/Mangement/atsuhoshi/Atsuyoshi-Koike.jpg
Sanjay Mehrotra,,Founder,SanDisk,http://www.sandisk.com/assets/umbraco/aboutsandisk/Mangement/sanjay/Sanjay%20Mehrotra.jpg
Jerry Modes,,Founder,Teradata,http://danholle.com/facedbook/acc10/DSC_6710.JPG
David Hartke,,Founder,Teradata,http://danholle.com/facedbook/acc10/DSC_6720dhh.JPG
Charles R. Lee,,Founder,Verizon Communications,http://investor.directv.com/files/images/bod/Chuck_Lee.jpg
